timestamp,model_combination,recipe,experiment_file,classification,agent_0_role,agent_1_role,success_reason,num_interactions,num_sampled,processing_time_seconds
2025-08-21T00:27:05.436521,Qwen_Qwen3-14B_Qwen_Qwen3-4B,baked_pumpkin_slices,experiment_2025-08-19_11-18-07_player0_Qwen_Qwen3-14B_player1_Qwen_Qwen3-4B_baked_pumpkin_slices.json,fuzzy_hierarchy,0,0,No reason provided,91,18,20.38579750061035
2025-08-21T00:27:24.766090,Qwen_Qwen3-14B_Qwen_Qwen3-4B,baked_pumpkin_slices,experiment_2025-08-19_11-26-05_player0_Qwen_Qwen3-14B_player1_Qwen_Qwen3-4B_baked_pumpkin_slices.json,fuzzy_hierarchy,0,0,No reason provided,33,18,17.325647115707397
2025-08-21T00:27:57.209059,Qwen_Qwen3-14B_Qwen_Qwen3-4B,baked_pumpkin_slices,experiment_2025-08-19_12-05-50_player0_Qwen_Qwen3-14B_player1_Qwen_Qwen3-4B_baked_pumpkin_slices.json,fuzzy_hierarchy,0,0,No reason provided,97,18,30.43937063217163
2025-08-21T00:28:28.317297,Qwen_Qwen3-14B_Qwen_Qwen3-4B,baked_pumpkin_slices,experiment_2025-08-19_11-29-36_player0_Qwen_Qwen3-14B_player1_Qwen_Qwen3-4B_baked_pumpkin_slices.json,fuzzy_hierarchy,0,0,No reason provided,98,18,29.10373592376709
2025-08-21T00:29:06.750311,Qwen_Qwen3-14B_Qwen_Qwen3-4B,baked_pumpkin_slices,experiment_2025-08-19_11-57-25_player0_Qwen_Qwen3-14B_player1_Qwen_Qwen3-4B_baked_pumpkin_slices.json,fuzzy_hierarchy,0,0,No reason provided,51,18,36.42766213417053
2025-08-21T00:29:48.259164,Qwen_Qwen3-14B_Qwen_Qwen3-4B,baked_pumpkin_slices,experiment_2025-08-19_10-56-04_player0_Qwen_Qwen3-14B_player1_Qwen_Qwen3-4B_baked_pumpkin_slices.json,clear_hierarchy,1,0,No reason provided,180,18,39.5043408870697
2025-08-21T00:30:42.850353,Qwen_Qwen3-14B_Qwen_Qwen3-4B,baked_pumpkin_slices,experiment_2025-08-19_12-03-27_player0_Qwen_Qwen3-14B_player1_Qwen_Qwen3-4B_baked_pumpkin_slices.json,fuzzy_hierarchy,0,0,No reason provided,21,18,52.586609840393066
2025-08-21T00:31:21.978227,Qwen_Qwen3-14B_Qwen_Qwen3-4B,baked_pumpkin_slices,experiment_2025-08-19_11-40-05_player0_Qwen_Qwen3-14B_player1_Qwen_Qwen3-4B_baked_pumpkin_slices.json,fuzzy_hierarchy,0,0,No reason provided,147,18,37.1232635974884
2025-08-21T00:31:47.344360,Qwen_Qwen3-14B_Qwen_Qwen3-4B,baked_pumpkin_slices,experiment_2025-08-19_10-46-26_player0_Qwen_Qwen3-14B_player1_Qwen_Qwen3-4B_baked_pumpkin_slices.json,fuzzy_hierarchy,0,0,No reason provided,77,18,23.361237049102783
2025-08-21T00:32:37.073185,Qwen_Qwen3-14B_Qwen_Qwen3-4B,baked_pumpkin_slices,experiment_2025-08-19_10-39-41_player0_Qwen_Qwen3-14B_player1_Qwen_Qwen3-4B_baked_pumpkin_slices.json,fuzzy_hierarchy,0,0,No reason provided,59,18,47.72392249107361
2025-08-21T00:33:12.837647,Qwen_Qwen3-14B_Qwen_Qwen3-4B,boiled_green_bean_slices,experiment_2025-08-19_06-52-48_player0_Qwen_Qwen3-14B_player1_Qwen_Qwen3-4B_boiled_green_bean_slices.json,fuzzy_hierarchy,0,0,No reason provided,63,18,33.75865697860718
2025-08-21T00:33:37.529173,Qwen_Qwen3-14B_Qwen_Qwen3-4B,boiled_green_bean_slices,experiment_2025-08-19_07-09-06_player0_Qwen_Qwen3-14B_player1_Qwen_Qwen3-4B_boiled_green_bean_slices.json,fuzzy_hierarchy,0,0,No reason provided,6,6,22.68674635887146
2025-08-21T00:34:01.355725,Qwen_Qwen3-14B_Qwen_Qwen3-4B,boiled_green_bean_slices,experiment_2025-08-19_06-27-39_player0_Qwen_Qwen3-14B_player1_Qwen_Qwen3-4B_boiled_green_bean_slices.json,fuzzy_hierarchy,0,0,No reason provided,21,18,21.822585582733154
2025-08-21T00:34:49.248688,Qwen_Qwen3-14B_Qwen_Qwen3-4B,boiled_green_bean_slices,experiment_2025-08-19_06-20-27_player0_Qwen_Qwen3-14B_player1_Qwen_Qwen3-4B_boiled_green_bean_slices.json,fuzzy_hierarchy,0,0,No reason provided,73,18,45.88855481147766
2025-08-21T00:35:26.217348,Qwen_Qwen3-14B_Qwen_Qwen3-4B,boiled_green_bean_slices,experiment_2025-08-19_06-51-06_player0_Qwen_Qwen3-14B_player1_Qwen_Qwen3-4B_boiled_green_bean_slices.json,fuzzy_hierarchy,0,0,No reason provided,17,17,34.955121755599976
2025-08-21T00:36:05.058830,Qwen_Qwen3-14B_Qwen_Qwen3-4B,boiled_green_bean_slices,experiment_2025-08-19_06-40-06_player0_Qwen_Qwen3-14B_player1_Qwen_Qwen3-4B_boiled_green_bean_slices.json,fuzzy_hierarchy,0,0,No reason provided,93,18,36.83664560317993
2025-08-21T00:36:34.022528,Qwen_Qwen3-14B_Qwen_Qwen3-4B,boiled_green_bean_slices,experiment_2025-08-19_07-00-09_player0_Qwen_Qwen3-14B_player1_Qwen_Qwen3-4B_boiled_green_bean_slices.json,fuzzy_hierarchy,0,0,No reason provided,80,18,26.959285497665405
2025-08-21T00:37:07.575268,Qwen_Qwen3-14B_Qwen_Qwen3-4B,boiled_green_bean_slices,experiment_2025-08-19_06-05-17_player0_Qwen_Qwen3-14B_player1_Qwen_Qwen3-4B_boiled_green_bean_slices.json,fuzzy_hierarchy,0,0,No reason provided,77,18,31.548184156417847
2025-08-21T00:37:38.432433,Qwen_Qwen3-14B_Qwen_Qwen3-4B,boiled_green_bean_slices,experiment_2025-08-19_06-14-28_player0_Qwen_Qwen3-14B_player1_Qwen_Qwen3-4B_boiled_green_bean_slices.json,fuzzy_hierarchy,0,0,No reason provided,62,18,28.85305881500244
2025-08-21T00:38:18.989616,Qwen_Qwen3-14B_Qwen_Qwen3-4B,boiled_green_bean_slices,experiment_2025-08-19_06-29-41_player0_Qwen_Qwen3-14B_player1_Qwen_Qwen3-4B_boiled_green_bean_slices.json,fuzzy_hierarchy,0,0,No reason provided,102,18,38.55283784866333
2025-08-21T00:39:13.775615,Qwen_Qwen3-14B_Qwen_Qwen3-4B,boiled_corn_slices,experiment_2025-08-19_05-22-51_player0_Qwen_Qwen3-14B_player1_Qwen_Qwen3-4B_boiled_corn_slices.json,clear_hierarchy,1,0,No reason provided,186,18,52.78001356124878
2025-08-21T00:39:42.309910,Qwen_Qwen3-14B_Qwen_Qwen3-4B,boiled_corn_slices,experiment_2025-08-19_05-02-03_player0_Qwen_Qwen3-14B_player1_Qwen_Qwen3-4B_boiled_corn_slices.json,clear_hierarchy,1,0,No reason provided,147,18,26.499313592910767
2025-08-21T00:40:21.904980,Qwen_Qwen3-14B_Qwen_Qwen3-4B,boiled_corn_slices,experiment_2025-08-19_04-52-18_player0_Qwen_Qwen3-14B_player1_Qwen_Qwen3-4B_boiled_corn_slices.json,fuzzy_hierarchy,0,0,No reason provided,38,18,37.59040641784668
2025-08-21T00:40:53.241879,Qwen_Qwen3-14B_Qwen_Qwen3-4B,boiled_corn_slices,experiment_2025-08-19_05-48-09_player0_Qwen_Qwen3-14B_player1_Qwen_Qwen3-4B_boiled_corn_slices.json,fuzzy_hierarchy,0,0,No reason provided,87,18,29.332512855529785
2025-08-21T00:41:16.535657,Qwen_Qwen3-14B_Qwen_Qwen3-4B,boiled_corn_slices,experiment_2025-08-19_05-58-14_player0_Qwen_Qwen3-14B_player1_Qwen_Qwen3-4B_boiled_corn_slices.json,fuzzy_hierarchy,0,0,No reason provided,58,18,21.288851737976074
2025-08-21T00:41:37.223438,Qwen_Qwen3-14B_Qwen_Qwen3-4B,boiled_corn_slices,experiment_2025-08-19_05-57-01_player0_Qwen_Qwen3-14B_player1_Qwen_Qwen3-4B_boiled_corn_slices.json,fuzzy_hierarchy,0,0,No reason provided,8,8,18.68332004547119
2025-08-21T00:42:19.584122,Qwen_Qwen3-14B_Qwen_Qwen3-4B,boiled_corn_slices,experiment_2025-08-19_04-57-31_player0_Qwen_Qwen3-14B_player1_Qwen_Qwen3-4B_boiled_corn_slices.json,fuzzy_hierarchy,0,0,No reason provided,38,18,40.35591387748718
2025-08-21T00:42:40.106324,Qwen_Qwen3-14B_Qwen_Qwen3-4B,boiled_corn_slices,experiment_2025-08-19_04-56-44_player0_Qwen_Qwen3-14B_player1_Qwen_Qwen3-4B_boiled_corn_slices.json,fuzzy_hierarchy,0,0,No reason provided,5,5,18.517648696899414
2025-08-21T00:43:40.864363,Qwen_Qwen3-14B_Qwen_Qwen3-4B,boiled_corn_slices,experiment_2025-08-19_05-19-55_player0_Qwen_Qwen3-14B_player1_Qwen_Qwen3-4B_boiled_corn_slices.json,clear_hierarchy,1,0,No reason provided,25,18,58.753395557403564
2025-08-21T00:44:05.587122,Qwen_Qwen3-14B_Qwen_Qwen3-4B,boiled_corn_slices,experiment_2025-08-19_05-41-12_player0_Qwen_Qwen3-14B_player1_Qwen_Qwen3-4B_boiled_corn_slices.json,fuzzy_hierarchy,0,0,No reason provided,65,18,22.717966556549072
2025-08-21T00:44:41.935214,Qwen_Qwen3-14B_Qwen_Qwen3-4B,boiled_potato_slices,experiment_2025-08-19_08-18-42_player0_Qwen_Qwen3-14B_player1_Qwen_Qwen3-4B_boiled_potato_slices.json,fuzzy_hierarchy,0,0,No reason provided,51,18,34.34198522567749
2025-08-21T00:45:37.015887,Qwen_Qwen3-14B_Qwen_Qwen3-4B,boiled_potato_slices,experiment_2025-08-19_08-08-46_player0_Qwen_Qwen3-14B_player1_Qwen_Qwen3-4B_boiled_potato_slices.json,fuzzy_hierarchy,0,0,No reason provided,78,18,53.07642912864685
2025-08-21T00:46:24.319788,Qwen_Qwen3-14B_Qwen_Qwen3-4B,boiled_potato_slices,experiment_2025-08-19_07-57-11_player0_Qwen_Qwen3-14B_player1_Qwen_Qwen3-4B_boiled_potato_slices.json,fuzzy_hierarchy,0,0,No reason provided,102,18,45.298929929733276
2025-08-21T00:46:42.370697,Qwen_Qwen3-14B_Qwen_Qwen3-4B,boiled_potato_slices,experiment_2025-08-19_07-10-00_player0_Qwen_Qwen3-14B_player1_Qwen_Qwen3-4B_boiled_potato_slices.json,fuzzy_hierarchy,0,0,No reason provided,68,18,16.04636812210083
2025-08-21T00:46:58.519066,Qwen_Qwen3-14B_Qwen_Qwen3-4B,boiled_potato_slices,experiment_2025-08-19_07-55-56_player0_Qwen_Qwen3-14B_player1_Qwen_Qwen3-4B_boiled_potato_slices.json,fuzzy_hierarchy,0,0,No reason provided,9,9,14.143303394317627
2025-08-21T00:47:30.989107,Qwen_Qwen3-14B_Qwen_Qwen3-4B,boiled_potato_slices,experiment_2025-08-19_08-46-02_player0_Qwen_Qwen3-14B_player1_Qwen_Qwen3-4B_boiled_potato_slices.json,fuzzy_hierarchy,0,0,No reason provided,264,18,30.465312719345093
2025-08-21T00:48:03.087926,Qwen_Qwen3-14B_Qwen_Qwen3-4B,boiled_potato_slices,experiment_2025-08-19_07-17-17_player0_Qwen_Qwen3-14B_player1_Qwen_Qwen3-4B_boiled_potato_slices.json,fuzzy_hierarchy,0,0,No reason provided,123,18,30.093961715698242
2025-08-21T00:48:35.559583,Qwen_Qwen3-14B_Qwen_Qwen3-4B,boiled_potato_slices,experiment_2025-08-19_07-31-15_player0_Qwen_Qwen3-14B_player1_Qwen_Qwen3-4B_boiled_potato_slices.json,fuzzy_hierarchy,0,0,No reason provided,109,18,30.466813325881958
2025-08-21T00:49:04.937641,Qwen_Qwen3-14B_Qwen_Qwen3-4B,boiled_potato_slices,experiment_2025-08-19_07-43-37_player0_Qwen_Qwen3-14B_player1_Qwen_Qwen3-4B_boiled_potato_slices.json,fuzzy_hierarchy,0,0,No reason provided,110,18,27.373629808425903
2025-08-21T00:49:55.971387,Qwen_Qwen3-14B_Qwen_Qwen3-4B,boiled_potato_slices,experiment_2025-08-19_08-24-17_player0_Qwen_Qwen3-14B_player1_Qwen_Qwen3-4B_boiled_potato_slices.json,clear_hierarchy,1,0,No reason provided,179,18,49.02938222885132
2025-08-21T00:50:33.198425,Qwen_Qwen3-4B_Qwen_Qwen3-1.7B,boiled_green_bean_slices,experiment_2025-08-19_12-12-24_player0_Qwen_Qwen3-4B_player1_Qwen_Qwen3-1.7B_boiled_green_bean_slices.json,fuzzy_hierarchy,0,0,No reason provided,459,18,35.21974468231201
2025-08-21T00:51:07.753119,Qwen_Qwen3-4B_Qwen_Qwen3-1.7B,boiled_green_bean_slices,experiment_2025-08-19_10-56-49_player0_Qwen_Qwen3-4B_player1_Qwen_Qwen3-1.7B_boiled_green_bean_slices.json,fuzzy_hierarchy,0,0,No reason provided,674,18,32.54932117462158
2025-08-21T00:52:03.396513,Qwen_Qwen3-4B_Qwen_Qwen3-1.7B,boiled_green_bean_slices,experiment_2025-08-19_13-01-44_player0_Qwen_Qwen3-4B_player1_Qwen_Qwen3-1.7B_boiled_green_bean_slices.json,no_hierarchy,0,0,No reason provided,605,18,53.63825511932373
2025-08-21T00:52:32.362115,Qwen_Qwen3-4B_Qwen_Qwen3-1.7B,boiled_green_bean_slices,experiment_2025-08-19_13-34-37_player0_Qwen_Qwen3-4B_player1_Qwen_Qwen3-1.7B_boiled_green_bean_slices.json,fuzzy_hierarchy,0,0,No reason provided,490,18,26.95963191986084
2025-08-21T00:53:01.196687,Qwen_Qwen3-4B_Qwen_Qwen3-1.7B,boiled_green_bean_slices,experiment_2025-08-19_10-37-32_player0_Qwen_Qwen3-4B_player1_Qwen_Qwen3-1.7B_boiled_green_bean_slices.json,fuzzy_hierarchy,0,0,No reason provided,359,18,26.828964948654175
2025-08-21T00:53:31.222925,Qwen_Qwen3-4B_Qwen_Qwen3-1.7B,boiled_green_bean_slices,experiment_2025-08-19_11-30-31_player0_Qwen_Qwen3-4B_player1_Qwen_Qwen3-1.7B_boiled_green_bean_slices.json,fuzzy_hierarchy,0,0,No reason provided,574,18,28.021064043045044
2025-08-21T00:53:46.474516,Qwen_Qwen3-4B_Qwen_Qwen3-1.7B,boiled_green_bean_slices,experiment_2025-08-19_12-11-57_player0_Qwen_Qwen3-4B_player1_Qwen_Qwen3-1.7B_boiled_green_bean_slices.json,fuzzy_hierarchy,0,0,No reason provided,5,5,13.246276140213013
2025-08-21T00:54:31.110176,Qwen_Qwen3-4B_Qwen_Qwen3-1.7B,boiled_green_bean_slices,experiment_2025-08-19_11-58-05_player0_Qwen_Qwen3-4B_player1_Qwen_Qwen3-1.7B_boiled_green_bean_slices.json,fuzzy_hierarchy,0,0,No reason provided,297,18,42.63087224960327
2025-08-21T00:55:11.817395,Qwen_Qwen3-4B_Qwen_Qwen3-1.7B,boiled_green_bean_slices,experiment_2025-08-19_13-26-22_player0_Qwen_Qwen3-4B_player1_Qwen_Qwen3-1.7B_boiled_green_bean_slices.json,fuzzy_hierarchy,0,0,No reason provided,189,18,38.7018780708313
2025-08-21T00:55:51.154055,Qwen_Qwen3-4B_Qwen_Qwen3-1.7B,boiled_green_bean_slices,experiment_2025-08-19_12-31-47_player0_Qwen_Qwen3-4B_player1_Qwen_Qwen3-1.7B_boiled_green_bean_slices.json,fuzzy_hierarchy,0,0,No reason provided,689,18,37.331570863723755
2025-08-21T00:56:12.742887,Qwen_Qwen3-4B_Qwen_Qwen3-1.7B,boiled_potato_slices,experiment_2025-08-19_06-25-07_player0_Qwen_Qwen3-4B_player1_Qwen_Qwen3-1.7B_boiled_potato_slices.json,fuzzy_hierarchy,0,0,No reason provided,187,18,19.58153533935547
2025-08-21T00:57:10.630078,Qwen_Qwen3-4B_Qwen_Qwen3-1.7B,boiled_potato_slices,experiment_2025-08-19_05-56-35_player0_Qwen_Qwen3-4B_player1_Qwen_Qwen3-1.7B_boiled_potato_slices.json,fuzzy_hierarchy,0,0,No reason provided,472,18,55.88270950317383
2025-08-21T00:57:45.334839,Qwen_Qwen3-4B_Qwen_Qwen3-1.7B,boiled_potato_slices,experiment_2025-08-19_07-02-30_player0_Qwen_Qwen3-4B_player1_Qwen_Qwen3-1.7B_boiled_potato_slices.json,fuzzy_hierarchy,0,0,No reason provided,101,18,32.69950342178345
2025-08-21T00:58:25.051909,Qwen_Qwen3-4B_Qwen_Qwen3-1.7B,boiled_potato_slices,experiment_2025-08-19_04-52-18_player0_Qwen_Qwen3-4B_player1_Qwen_Qwen3-1.7B_boiled_potato_slices.json,fuzzy_hierarchy,0,0,No reason provided,222,18,37.71212339401245
2025-08-21T00:58:48.346952,Qwen_Qwen3-4B_Qwen_Qwen3-1.7B,boiled_potato_slices,experiment_2025-08-19_07-08-17_player0_Qwen_Qwen3-4B_player1_Qwen_Qwen3-1.7B_boiled_potato_slices.json,fuzzy_hierarchy,0,0,No reason provided,8,8,21.289894580841064
2025-08-21T00:59:24.690538,Qwen_Qwen3-4B_Qwen_Qwen3-1.7B,boiled_potato_slices,experiment_2025-08-19_05-13-01_player0_Qwen_Qwen3-4B_player1_Qwen_Qwen3-1.7B_boiled_potato_slices.json,fuzzy_hierarchy,0,0,No reason provided,135,18,34.33889436721802
2025-08-21T00:59:54.042615,Qwen_Qwen3-4B_Qwen_Qwen3-1.7B,boiled_potato_slices,experiment_2025-08-19_05-21-00_player0_Qwen_Qwen3-4B_player1_Qwen_Qwen3-1.7B_boiled_potato_slices.json,fuzzy_hierarchy,0,0,No reason provided,549,18,27.347261905670166
2025-08-21T01:00:57.190047,Qwen_Qwen3-4B_Qwen_Qwen3-1.7B,boiled_potato_slices,experiment_2025-08-19_06-35-37_player0_Qwen_Qwen3-4B_player1_Qwen_Qwen3-1.7B_boiled_potato_slices.json,fuzzy_hierarchy,0,0,No reason provided,506,18,61.14201283454895
2025-08-21T01:01:22.765243,Qwen_Qwen3-4B_Qwen_Qwen3-1.7B,boiled_potato_slices,experiment_2025-08-19_05-05-21_player0_Qwen_Qwen3-4B_player1_Qwen_Qwen3-1.7B_boiled_potato_slices.json,fuzzy_hierarchy,0,0,No reason provided,118,18,23.569885969161987
2025-08-21T01:02:15.165158,Qwen_Qwen3-4B_Qwen_Qwen3-1.7B,boiled_potato_slices,experiment_2025-08-19_07-09-02_player0_Qwen_Qwen3-4B_player1_Qwen_Qwen3-1.7B_boiled_potato_slices.json,fuzzy_hierarchy,0,0,No reason provided,15,15,50.36529326438904
2025-08-21T01:02:48.936778,Qwen_Qwen3-4B_Qwen_Qwen3-1.7B,baked_pumpkin_slices,experiment_2025-08-19_04-52-18_player0_Qwen_Qwen3-4B_player1_Qwen_Qwen3-1.7B_baked_pumpkin_slices.json,fuzzy_hierarchy,0,0,No reason provided,492,18,31.764983892440796
2025-08-21T01:03:19.321797,Qwen_Qwen3-4B_Qwen_Qwen3-1.7B,baked_pumpkin_slices,experiment_2025-08-19_05-33-13_player0_Qwen_Qwen3-4B_player1_Qwen_Qwen3-1.7B_baked_pumpkin_slices.json,fuzzy_hierarchy,0,0,No reason provided,539,18,28.379798650741577
2025-08-21T01:03:54.835259,Qwen_Qwen3-4B_Qwen_Qwen3-1.7B,baked_pumpkin_slices,experiment_2025-08-19_05-22-19_player0_Qwen_Qwen3-4B_player1_Qwen_Qwen3-1.7B_baked_pumpkin_slices.json,fuzzy_hierarchy,0,0,No reason provided,80,18,33.508097887039185
2025-08-21T01:04:27.851574,Qwen_Qwen3-4B_Qwen_Qwen3-1.7B,baked_pumpkin_slices,experiment_2025-08-19_07-31-01_player0_Qwen_Qwen3-4B_player1_Qwen_Qwen3-1.7B_baked_pumpkin_slices.json,fuzzy_hierarchy,0,0,No reason provided,29,18,31.01168417930603
2025-08-21T01:04:50.469908,Qwen_Qwen3-4B_Qwen_Qwen3-1.7B,baked_pumpkin_slices,experiment_2025-08-19_06-43-53_player0_Qwen_Qwen3-4B_player1_Qwen_Qwen3-1.7B_baked_pumpkin_slices.json,fuzzy_hierarchy,0,0,No reason provided,10,10,20.613481283187866
2025-08-21T01:05:46.804770,Qwen_Qwen3-4B_Qwen_Qwen3-1.7B,baked_pumpkin_slices,experiment_2025-08-19_06-44-38_player0_Qwen_Qwen3-4B_player1_Qwen_Qwen3-1.7B_baked_pumpkin_slices.json,fuzzy_hierarchy,0,0,No reason provided,207,18,54.33005976676941
2025-08-21T01:06:15.451531,Qwen_Qwen3-4B_Qwen_Qwen3-1.7B,baked_pumpkin_slices,experiment_2025-08-19_07-32-56_player0_Qwen_Qwen3-4B_player1_Qwen_Qwen3-1.7B_baked_pumpkin_slices.json,fuzzy_hierarchy,0,0,No reason provided,217,18,26.64139437675476
2025-08-21T01:07:06.530515,Qwen_Qwen3-4B_Qwen_Qwen3-1.7B,baked_pumpkin_slices,experiment_2025-08-19_05-26-59_player0_Qwen_Qwen3-4B_player1_Qwen_Qwen3-1.7B_baked_pumpkin_slices.json,fuzzy_hierarchy,0,0,No reason provided,98,18,49.073930740356445
2025-08-21T01:07:36.290363,Qwen_Qwen3-4B_Qwen_Qwen3-1.7B,baked_pumpkin_slices,experiment_2025-08-19_06-56-45_player0_Qwen_Qwen3-4B_player1_Qwen_Qwen3-1.7B_baked_pumpkin_slices.json,fuzzy_hierarchy,0,0,No reason provided,593,18,27.75491499900818
2025-08-21T01:08:13.910770,Qwen_Qwen3-4B_Qwen_Qwen3-1.7B,baked_pumpkin_slices,experiment_2025-08-19_06-03-47_player0_Qwen_Qwen3-4B_player1_Qwen_Qwen3-1.7B_baked_pumpkin_slices.json,fuzzy_hierarchy,0,0,No reason provided,666,18,35.61505460739136
2025-08-21T01:08:48.812412,Qwen_Qwen3-4B_Qwen_Qwen3-1.7B,boiled_corn_slices,experiment_2025-08-19_08-49-27_player0_Qwen_Qwen3-4B_player1_Qwen_Qwen3-1.7B_boiled_corn_slices.json,fuzzy_hierarchy,0,0,No reason provided,640,18,32.894227504730225
2025-08-21T01:09:28.494722,Qwen_Qwen3-4B_Qwen_Qwen3-1.7B,boiled_corn_slices,experiment_2025-08-19_10-25-11_player0_Qwen_Qwen3-4B_player1_Qwen_Qwen3-1.7B_boiled_corn_slices.json,fuzzy_hierarchy,0,0,No reason provided,226,18,37.6768524646759
2025-08-21T01:09:59.210079,Qwen_Qwen3-4B_Qwen_Qwen3-1.7B,boiled_corn_slices,experiment_2025-08-19_10-11-44_player0_Qwen_Qwen3-4B_player1_Qwen_Qwen3-1.7B_boiled_corn_slices.json,no_hierarchy,0,0,No reason provided,91,18,28.710448026657104
2025-08-21T01:10:26.331781,Qwen_Qwen3-4B_Qwen_Qwen3-1.7B,boiled_corn_slices,experiment_2025-08-19_07-59-18_player0_Qwen_Qwen3-4B_player1_Qwen_Qwen3-1.7B_boiled_corn_slices.json,fuzzy_hierarchy,0,0,No reason provided,527,18,25.11609387397766
2025-08-21T01:11:11.411767,Qwen_Qwen3-4B_Qwen_Qwen3-1.7B,boiled_corn_slices,experiment_2025-08-19_07-44-24_player0_Qwen_Qwen3-4B_player1_Qwen_Qwen3-1.7B_boiled_corn_slices.json,fuzzy_hierarchy,0,0,No reason provided,271,18,43.07455635070801
2025-08-21T01:11:38.923193,Qwen_Qwen3-4B_Qwen_Qwen3-1.7B,boiled_corn_slices,experiment_2025-08-19_10-16-27_player0_Qwen_Qwen3-4B_player1_Qwen_Qwen3-1.7B_boiled_corn_slices.json,fuzzy_hierarchy,0,0,No reason provided,158,18,25.506200313568115
2025-08-21T01:12:19.537663,Qwen_Qwen3-4B_Qwen_Qwen3-1.7B,boiled_corn_slices,experiment_2025-08-19_08-48-24_player0_Qwen_Qwen3-4B_player1_Qwen_Qwen3-1.7B_boiled_corn_slices.json,fuzzy_hierarchy,0,0,No reason provided,15,15,38.60987114906311
2025-08-21T01:13:04.821497,Qwen_Qwen3-4B_Qwen_Qwen3-1.7B,boiled_corn_slices,experiment_2025-08-19_09-21-27_player0_Qwen_Qwen3-4B_player1_Qwen_Qwen3-1.7B_boiled_corn_slices.json,fuzzy_hierarchy,0,0,No reason provided,433,18,43.27864956855774
2025-08-21T01:13:28.503528,Qwen_Qwen3-4B_Qwen_Qwen3-1.7B,boiled_corn_slices,experiment_2025-08-19_09-43-38_player0_Qwen_Qwen3-4B_player1_Qwen_Qwen3-1.7B_boiled_corn_slices.json,fuzzy_hierarchy,0,0,No reason provided,588,18,21.676336526870728
2025-08-21T01:14:00.684250,Qwen_Qwen3-4B_Qwen_Qwen3-1.7B,boiled_corn_slices,experiment_2025-08-19_08-26-13_player0_Qwen_Qwen3-4B_player1_Qwen_Qwen3-1.7B_boiled_corn_slices.json,fuzzy_hierarchy,0,0,No reason provided,407,18,30.175057649612427
2025-08-21T01:14:46.521981,Qwen_Qwen3-14B_Qwen_Qwen3-14B,boiled_green_bean_slices,experiment_2025-08-19_10-40-45_player0_Qwen_Qwen3-14B_player1_Qwen_Qwen3-14B_boiled_green_bean_slices.json,fuzzy_hierarchy,0,0,No reason provided,172,18,43.82941913604736
2025-08-21T01:15:58.717305,Qwen_Qwen3-14B_Qwen_Qwen3-14B,boiled_green_bean_slices,experiment_2025-08-19_09-42-20_player0_Qwen_Qwen3-14B_player1_Qwen_Qwen3-14B_boiled_green_bean_slices.json,clear_hierarchy,1,0,No reason provided,205,18,70.18993973731995
2025-08-21T01:16:36.979457,Qwen_Qwen3-14B_Qwen_Qwen3-14B,boiled_green_bean_slices,experiment_2025-08-19_10-14-03_player0_Qwen_Qwen3-14B_player1_Qwen_Qwen3-14B_boiled_green_bean_slices.json,fuzzy_hierarchy,0,0,No reason provided,52,18,36.25665307044983
2025-08-21T01:17:06.016086,Qwen_Qwen3-14B_Qwen_Qwen3-14B,boiled_green_bean_slices,experiment_2025-08-19_11-41-18_player0_Qwen_Qwen3-14B_player1_Qwen_Qwen3-14B_boiled_green_bean_slices.json,fuzzy_hierarchy,0,0,No reason provided,28,18,27.031587839126587
2025-08-21T01:17:27.216810,Qwen_Qwen3-14B_Qwen_Qwen3-14B,boiled_green_bean_slices,experiment_2025-08-19_11-45-56_player0_Qwen_Qwen3-14B_player1_Qwen_Qwen3-14B_boiled_green_bean_slices.json,fuzzy_hierarchy,0,0,No reason provided,225,18,19.195892572402954
2025-08-21T01:18:09.902662,Qwen_Qwen3-14B_Qwen_Qwen3-14B,boiled_green_bean_slices,experiment_2025-08-19_10-22-28_player0_Qwen_Qwen3-14B_player1_Qwen_Qwen3-14B_boiled_green_bean_slices.json,fuzzy_hierarchy,0,0,No reason provided,113,18,40.68078589439392
2025-08-21T01:18:38.651239,Qwen_Qwen3-14B_Qwen_Qwen3-14B,boiled_green_bean_slices,experiment_2025-08-19_09-38-15_player0_Qwen_Qwen3-14B_player1_Qwen_Qwen3-14B_boiled_green_bean_slices.json,fuzzy_hierarchy,0,0,No reason provided,27,18,26.743879318237305
2025-08-21T01:19:26.551539,Qwen_Qwen3-14B_Qwen_Qwen3-14B,boiled_green_bean_slices,experiment_2025-08-19_11-19-55_player0_Qwen_Qwen3-14B_player1_Qwen_Qwen3-14B_boiled_green_bean_slices.json,clear_hierarchy,1,0,No reason provided,148,18,45.89539861679077
2025-08-21T01:20:01.055734,Qwen_Qwen3-14B_Qwen_Qwen3-14B,boiled_green_bean_slices,experiment_2025-08-19_12-19-52_player0_Qwen_Qwen3-14B_player1_Qwen_Qwen3-14B_boiled_green_bean_slices.json,fuzzy_hierarchy,0,0,No reason provided,166,18,32.499062061309814
2025-08-21T01:20:30.375211,Qwen_Qwen3-14B_Qwen_Qwen3-14B,boiled_green_bean_slices,experiment_2025-08-19_11-08-30_player0_Qwen_Qwen3-14B_player1_Qwen_Qwen3-14B_boiled_green_bean_slices.json,fuzzy_hierarchy,0,0,No reason provided,73,18,27.314149141311646
2025-08-21T01:20:59.876815,Qwen_Qwen3-14B_Qwen_Qwen3-14B,boiled_corn_slices,experiment_2025-08-19_09-23-31_player0_Qwen_Qwen3-14B_player1_Qwen_Qwen3-14B_boiled_corn_slices.json,clear_hierarchy,1,0,No reason provided,84,18,27.495529651641846
2025-08-21T01:21:46.967701,Qwen_Qwen3-14B_Qwen_Qwen3-14B,boiled_corn_slices,experiment_2025-08-19_09-36-12_player0_Qwen_Qwen3-14B_player1_Qwen_Qwen3-14B_boiled_corn_slices.json,fuzzy_hierarchy,0,0,No reason provided,11,11,45.0864634513855
2025-08-21T01:22:13.726054,Qwen_Qwen3-14B_Qwen_Qwen3-14B,boiled_corn_slices,experiment_2025-08-19_07-35-40_player0_Qwen_Qwen3-14B_player1_Qwen_Qwen3-14B_boiled_corn_slices.json,fuzzy_hierarchy,0,0,No reason provided,87,18,24.75330400466919
2025-08-21T01:22:50.493016,Qwen_Qwen3-14B_Qwen_Qwen3-14B,boiled_corn_slices,experiment_2025-08-19_07-29-59_player0_Qwen_Qwen3-14B_player1_Qwen_Qwen3-14B_boiled_corn_slices.json,fuzzy_hierarchy,0,0,No reason provided,36,18,34.76149606704712
2025-08-21T01:23:25.361849,Qwen_Qwen3-14B_Qwen_Qwen3-14B,boiled_corn_slices,experiment_2025-08-19_07-05-52_player0_Qwen_Qwen3-14B_player1_Qwen_Qwen3-14B_boiled_corn_slices.json,clear_hierarchy,1,0,No reason provided,149,18,32.86388373374939
2025-08-21T01:23:50.765643,Qwen_Qwen3-14B_Qwen_Qwen3-14B,boiled_corn_slices,experiment_2025-08-19_07-51-50_player0_Qwen_Qwen3-14B_player1_Qwen_Qwen3-14B_boiled_corn_slices.json,clear_hierarchy,1,0,No reason provided,68,18,23.398783206939697
2025-08-21T01:24:19.474709,Qwen_Qwen3-14B_Qwen_Qwen3-14B,boiled_corn_slices,experiment_2025-08-19_08-53-36_player0_Qwen_Qwen3-14B_player1_Qwen_Qwen3-14B_boiled_corn_slices.json,clear_hierarchy,1,0,No reason provided,195,18,26.70446801185608
2025-08-21T01:24:51.484237,Qwen_Qwen3-14B_Qwen_Qwen3-14B,boiled_corn_slices,experiment_2025-08-19_06-59-29_player0_Qwen_Qwen3-14B_player1_Qwen_Qwen3-14B_boiled_corn_slices.json,clear_hierarchy,1,0,No reason provided,44,18,30.00424885749817
2025-08-21T01:25:21.746032,Qwen_Qwen3-14B_Qwen_Qwen3-14B,boiled_corn_slices,experiment_2025-08-19_08-02-35_player0_Qwen_Qwen3-14B_player1_Qwen_Qwen3-14B_boiled_corn_slices.json,fuzzy_hierarchy,0,0,No reason provided,161,18,28.256938457489014
2025-08-21T01:25:56.656922,Qwen_Qwen3-14B_Qwen_Qwen3-14B,boiled_corn_slices,experiment_2025-08-19_08-26-52_player0_Qwen_Qwen3-14B_player1_Qwen_Qwen3-14B_boiled_corn_slices.json,fuzzy_hierarchy,0,0,No reason provided,177,18,32.905439376831055
2025-08-21T01:26:22.978081,Qwen_Qwen3-14B_Qwen_Qwen3-14B,boiled_potato_slices,experiment_2025-08-19_06-53-11_player0_Qwen_Qwen3-14B_player1_Qwen_Qwen3-14B_boiled_potato_slices.json,clear_hierarchy,1,0,No reason provided,40,18,24.31336212158203
2025-08-21T01:27:03.354134,Qwen_Qwen3-14B_Qwen_Qwen3-14B,boiled_potato_slices,experiment_2025-08-19_06-21-05_player0_Qwen_Qwen3-14B_player1_Qwen_Qwen3-14B_boiled_potato_slices.json,fuzzy_hierarchy,0,0,No reason provided,230,18,38.370940923690796
2025-08-21T01:29:15.245136,Qwen_Qwen3-14B_Qwen_Qwen3-14B,boiled_potato_slices,experiment_2025-08-19_05-36-57_player0_Qwen_Qwen3-14B_player1_Qwen_Qwen3-14B_boiled_potato_slices.json,fuzzy_hierarchy,0,0,No reason provided,166,18,129.88559079170227
2025-08-21T01:29:48.596235,Qwen_Qwen3-14B_Qwen_Qwen3-14B,boiled_potato_slices,experiment_2025-08-19_05-28-53_player0_Qwen_Qwen3-14B_player1_Qwen_Qwen3-14B_boiled_potato_slices.json,fuzzy_hierarchy,0,0,No reason provided,57,18,31.345843076705933
2025-08-21T01:30:15.897521,Qwen_Qwen3-14B_Qwen_Qwen3-14B,boiled_potato_slices,experiment_2025-08-19_06-59-27_player0_Qwen_Qwen3-14B_player1_Qwen_Qwen3-14B_boiled_potato_slices.json,fuzzy_hierarchy,0,0,No reason provided,85,18,25.29677128791809
2025-08-21T01:30:49.155807,Qwen_Qwen3-14B_Qwen_Qwen3-14B,boiled_potato_slices,experiment_2025-08-19_06-01-02_player0_Qwen_Qwen3-14B_player1_Qwen_Qwen3-14B_boiled_potato_slices.json,clear_hierarchy,1,0,No reason provided,42,18,31.236566305160522
2025-08-21T01:31:35.222990,Qwen_Qwen3-14B_Qwen_Qwen3-14B,boiled_potato_slices,experiment_2025-08-19_05-24-07_player0_Qwen_Qwen3-14B_player1_Qwen_Qwen3-14B_boiled_potato_slices.json,fuzzy_hierarchy,0,0,No reason provided,34,18,44.06238102912903
2025-08-21T01:32:16.986646,Qwen_Qwen3-14B_Qwen_Qwen3-14B,boiled_potato_slices,experiment_2025-08-19_04-52-18_player0_Qwen_Qwen3-14B_player1_Qwen_Qwen3-14B_boiled_potato_slices.json,fuzzy_hierarchy,0,0,No reason provided,234,18,39.75863456726074
2025-08-21T01:33:04.381010,Qwen_Qwen3-14B_Qwen_Qwen3-14B,boiled_potato_slices,experiment_2025-08-19_06-07-01_player0_Qwen_Qwen3-14B_player1_Qwen_Qwen3-14B_boiled_potato_slices.json,fuzzy_hierarchy,0,0,No reason provided,90,18,45.38902688026428
2025-08-21T01:33:47.139563,Qwen_Qwen3-14B_Qwen_Qwen3-14B,boiled_potato_slices,experiment_2025-08-19_07-12-39_player0_Qwen_Qwen3-14B_player1_Qwen_Qwen3-14B_boiled_potato_slices.json,fuzzy_hierarchy,0,0,No reason provided,29,18,40.75351905822754
2025-08-21T01:34:23.446959,Qwen_Qwen3-14B_Qwen_Qwen3-14B,baked_pumpkin_slices,experiment_2025-08-19_05-31-32_player0_Qwen_Qwen3-14B_player1_Qwen_Qwen3-14B_baked_pumpkin_slices.json,fuzzy_hierarchy,0,0,No reason provided,92,18,34.30047369003296
2025-08-21T01:34:57.215216,Qwen_Qwen3-14B_Qwen_Qwen3-14B,baked_pumpkin_slices,experiment_2025-08-19_04-52-18_player0_Qwen_Qwen3-14B_player1_Qwen_Qwen3-14B_baked_pumpkin_slices.json,clear_hierarchy,1,0,No reason provided,122,18,31.763133764266968
2025-08-21T01:35:50.158886,Qwen_Qwen3-14B_Qwen_Qwen3-14B,baked_pumpkin_slices,experiment_2025-08-19_05-53-18_player0_Qwen_Qwen3-14B_player1_Qwen_Qwen3-14B_baked_pumpkin_slices.json,fuzzy_hierarchy,0,0,No reason provided,127,18,50.93822884559631
2025-08-21T01:36:43.220735,Qwen_Qwen3-14B_Qwen_Qwen3-14B,baked_pumpkin_slices,experiment_2025-08-19_06-23-54_player0_Qwen_Qwen3-14B_player1_Qwen_Qwen3-14B_baked_pumpkin_slices.json,clear_hierarchy,1,0,No reason provided,183,18,51.05688261985779
2025-08-21T01:37:06.714526,Qwen_Qwen3-14B_Qwen_Qwen3-14B,baked_pumpkin_slices,experiment_2025-08-19_06-10-51_player0_Qwen_Qwen3-14B_player1_Qwen_Qwen3-14B_baked_pumpkin_slices.json,fuzzy_hierarchy,0,0,No reason provided,25,18,21.4882071018219
2025-08-21T01:37:30.397129,Qwen_Qwen3-14B_Qwen_Qwen3-14B,baked_pumpkin_slices,experiment_2025-08-19_06-14-30_player0_Qwen_Qwen3-14B_player1_Qwen_Qwen3-14B_baked_pumpkin_slices.json,fuzzy_hierarchy,0,0,No reason provided,64,18,21.677600622177124
2025-08-21T01:38:19.678114,Qwen_Qwen3-14B_Qwen_Qwen3-14B,baked_pumpkin_slices,experiment_2025-08-19_05-08-26_player0_Qwen_Qwen3-14B_player1_Qwen_Qwen3-14B_baked_pumpkin_slices.json,clear_hierarchy,1,0,No reason provided,183,18,47.27641415596008
2025-08-21T01:39:04.876302,Qwen_Qwen3-14B_Qwen_Qwen3-14B,baked_pumpkin_slices,experiment_2025-08-19_06-48-14_player0_Qwen_Qwen3-14B_player1_Qwen_Qwen3-14B_baked_pumpkin_slices.json,clear_hierarchy,1,0,No reason provided,62,18,43.19298553466797
2025-08-21T01:39:34.310956,Qwen_Qwen3-14B_Qwen_Qwen3-14B,baked_pumpkin_slices,experiment_2025-08-19_05-44-08_player0_Qwen_Qwen3-14B_player1_Qwen_Qwen3-14B_baked_pumpkin_slices.json,fuzzy_hierarchy,0,0,No reason provided,68,18,27.429933309555054
2025-08-21T01:40:23.817323,Qwen_Qwen3-14B_Qwen_Qwen3-14B,baked_pumpkin_slices,experiment_2025-08-19_06-57-10_player0_Qwen_Qwen3-14B_player1_Qwen_Qwen3-14B_baked_pumpkin_slices.json,fuzzy_hierarchy,0,0,No reason provided,14,14,47.50183629989624
2025-08-21T01:41:46.984165,Qwen_Qwen3-4B_Qwen_Qwen3-4B,boiled_potato_slices,experiment_2025-08-19_05-25-26_player0_Qwen_Qwen3-4B_player1_Qwen_Qwen3-4B_boiled_potato_slices.json,clear_hierarchy,1,0,No reason provided,64,18,81.1584243774414
2025-08-21T01:42:28.771428,Qwen_Qwen3-4B_Qwen_Qwen3-4B,boiled_potato_slices,experiment_2025-08-19_05-36-10_player0_Qwen_Qwen3-4B_player1_Qwen_Qwen3-4B_boiled_potato_slices.json,fuzzy_hierarchy,0,0,No reason provided,62,18,39.78207302093506
2025-08-21T01:43:16.977971,Qwen_Qwen3-4B_Qwen_Qwen3-4B,boiled_potato_slices,experiment_2025-08-19_05-40-30_player0_Qwen_Qwen3-4B_player1_Qwen_Qwen3-4B_boiled_potato_slices.json,fuzzy_hierarchy,0,0,No reason provided,55,18,46.201717138290405
2025-08-21T01:44:06.920105,Qwen_Qwen3-4B_Qwen_Qwen3-4B,boiled_potato_slices,experiment_2025-08-19_05-06-26_player0_Qwen_Qwen3-4B_player1_Qwen_Qwen3-4B_boiled_potato_slices.json,fuzzy_hierarchy,0,0,No reason provided,61,18,47.93746995925903
2025-08-21T01:44:56.238705,Qwen_Qwen3-4B_Qwen_Qwen3-4B,boiled_potato_slices,experiment_2025-08-19_05-10-35_player0_Qwen_Qwen3-4B_player1_Qwen_Qwen3-4B_boiled_potato_slices.json,fuzzy_hierarchy,0,0,No reason provided,91,18,47.31395697593689
2025-08-21T01:45:19.830114,Qwen_Qwen3-4B_Qwen_Qwen3-4B,boiled_potato_slices,experiment_2025-08-19_04-52-19_player0_Qwen_Qwen3-4B_player1_Qwen_Qwen3-4B_boiled_potato_slices.json,fuzzy_hierarchy,0,0,No reason provided,195,18,21.58602499961853
2025-08-21T01:45:42.186520,Qwen_Qwen3-4B_Qwen_Qwen3-4B,boiled_potato_slices,experiment_2025-08-19_05-29-45_player0_Qwen_Qwen3-4B_player1_Qwen_Qwen3-4B_boiled_potato_slices.json,fuzzy_hierarchy,0,0,No reason provided,60,18,20.351337909698486
2025-08-21T01:46:20.179492,Qwen_Qwen3-4B_Qwen_Qwen3-4B,boiled_potato_slices,experiment_2025-08-19_05-16-36_player0_Qwen_Qwen3-4B_player1_Qwen_Qwen3-4B_boiled_potato_slices.json,fuzzy_hierarchy,0,0,No reason provided,135,18,35.98800587654114
2025-08-21T01:47:13.051891,Qwen_Qwen3-4B_Qwen_Qwen3-4B,boiled_potato_slices,experiment_2025-08-19_05-33-59_player0_Qwen_Qwen3-4B_player1_Qwen_Qwen3-4B_boiled_potato_slices.json,fuzzy_hierarchy,0,0,No reason provided,30,18,50.86692214012146
2025-08-21T01:47:34.762285,Qwen_Qwen3-4B_Qwen_Qwen3-4B,boiled_potato_slices,experiment_2025-08-19_05-06-01_player0_Qwen_Qwen3-4B_player1_Qwen_Qwen3-4B_boiled_potato_slices.json,fuzzy_hierarchy,0,0,No reason provided,3,3,19.7054340839386
2025-08-21T01:48:19.499724,Qwen_Qwen3-4B_Qwen_Qwen3-4B,boiled_green_bean_slices,experiment_2025-08-19_06-18-16_player0_Qwen_Qwen3-4B_player1_Qwen_Qwen3-4B_boiled_green_bean_slices.json,fuzzy_hierarchy,0,0,No reason provided,45,18,42.73031234741211
2025-08-21T01:49:07.515446,Qwen_Qwen3-4B_Qwen_Qwen3-4B,boiled_green_bean_slices,experiment_2025-08-19_05-46-17_player0_Qwen_Qwen3-4B_player1_Qwen_Qwen3-4B_boiled_green_bean_slices.json,fuzzy_hierarchy,0,0,No reason provided,20,18,46.01088237762451
2025-08-21T01:49:23.842498,Qwen_Qwen3-4B_Qwen_Qwen3-4B,boiled_green_bean_slices,experiment_2025-08-19_06-41-25_player0_Qwen_Qwen3-4B_player1_Qwen_Qwen3-4B_boiled_green_bean_slices.json,fuzzy_hierarchy,0,0,No reason provided,175,18,14.32210636138916
2025-08-21T01:49:58.036194,Qwen_Qwen3-4B_Qwen_Qwen3-4B,boiled_green_bean_slices,experiment_2025-08-19_06-06-38_player0_Qwen_Qwen3-4B_player1_Qwen_Qwen3-4B_boiled_green_bean_slices.json,fuzzy_hierarchy,0,0,No reason provided,167,18,32.18859505653381
2025-08-21T01:51:11.572963,Qwen_Qwen3-4B_Qwen_Qwen3-4B,boiled_green_bean_slices,experiment_2025-08-19_06-31-04_player0_Qwen_Qwen3-4B_player1_Qwen_Qwen3-4B_boiled_green_bean_slices.json,fuzzy_hierarchy,0,0,No reason provided,120,18,71.53116273880005
2025-08-21T01:51:27.119440,Qwen_Qwen3-4B_Qwen_Qwen3-4B,boiled_green_bean_slices,experiment_2025-08-19_06-21-32_player0_Qwen_Qwen3-4B_player1_Qwen_Qwen3-4B_boiled_green_bean_slices.json,fuzzy_hierarchy,0,0,No reason provided,141,18,13.541343688964844
2025-08-21T01:51:58.814562,Qwen_Qwen3-4B_Qwen_Qwen3-4B,boiled_green_bean_slices,experiment_2025-08-19_05-52-26_player0_Qwen_Qwen3-4B_player1_Qwen_Qwen3-4B_boiled_green_bean_slices.json,fuzzy_hierarchy,0,0,No reason provided,202,18,29.68999171257019
2025-08-21T01:52:48.007061,Qwen_Qwen3-4B_Qwen_Qwen3-4B,boiled_green_bean_slices,experiment_2025-08-19_06-39-22_player0_Qwen_Qwen3-4B_player1_Qwen_Qwen3-4B_boiled_green_bean_slices.json,fuzzy_hierarchy,0,0,No reason provided,29,18,47.18775177001953
2025-08-21T01:53:16.880760,Qwen_Qwen3-4B_Qwen_Qwen3-4B,boiled_green_bean_slices,experiment_2025-08-19_05-47-47_player0_Qwen_Qwen3-4B_player1_Qwen_Qwen3-4B_boiled_green_bean_slices.json,fuzzy_hierarchy,0,0,No reason provided,62,18,26.86874771118164
2025-08-21T01:53:35.074603,Qwen_Qwen3-4B_Qwen_Qwen3-4B,boiled_green_bean_slices,experiment_2025-08-19_06-05-36_player0_Qwen_Qwen3-4B_player1_Qwen_Qwen3-4B_boiled_green_bean_slices.json,fuzzy_hierarchy,0,0,No reason provided,13,13,16.18861746788025
2025-08-21T01:54:28.224589,Qwen_Qwen3-4B_Qwen_Qwen3-4B,baked_pumpkin_slices,experiment_2025-08-19_04-57-24_player0_Qwen_Qwen3-4B_player1_Qwen_Qwen3-4B_baked_pumpkin_slices.json,fuzzy_hierarchy,0,0,No reason provided,16,16,51.142741680145264
2025-08-21T01:55:05.944787,Qwen_Qwen3-4B_Qwen_Qwen3-4B,baked_pumpkin_slices,experiment_2025-08-19_05-14-01_player0_Qwen_Qwen3-4B_player1_Qwen_Qwen3-4B_baked_pumpkin_slices.json,no_hierarchy,0,0,No reason provided,79,18,35.714964628219604
2025-08-21T01:55:35.759308,Qwen_Qwen3-4B_Qwen_Qwen3-4B,baked_pumpkin_slices,experiment_2025-08-19_05-02-22_player0_Qwen_Qwen3-4B_player1_Qwen_Qwen3-4B_baked_pumpkin_slices.json,fuzzy_hierarchy,0,0,No reason provided,106,18,27.809285163879395
2025-08-21T01:55:53.286403,Qwen_Qwen3-4B_Qwen_Qwen3-4B,baked_pumpkin_slices,experiment_2025-08-19_04-56-58_player0_Qwen_Qwen3-4B_player1_Qwen_Qwen3-4B_baked_pumpkin_slices.json,fuzzy_hierarchy,0,0,No reason provided,4,4,15.52224326133728
2025-08-21T01:56:13.345092,Qwen_Qwen3-4B_Qwen_Qwen3-4B,baked_pumpkin_slices,experiment_2025-08-19_05-11-30_player0_Qwen_Qwen3-4B_player1_Qwen_Qwen3-4B_baked_pumpkin_slices.json,fuzzy_hierarchy,0,0,No reason provided,28,18,18.053882360458374
2025-08-21T01:56:49.799833,Qwen_Qwen3-4B_Qwen_Qwen3-4B,baked_pumpkin_slices,experiment_2025-08-19_04-52-18_player0_Qwen_Qwen3-4B_player1_Qwen_Qwen3-4B_baked_pumpkin_slices.json,fuzzy_hierarchy,0,0,No reason provided,54,18,34.44985508918762
2025-08-21T01:57:27.405428,Qwen_Qwen3-4B_Qwen_Qwen3-4B,baked_pumpkin_slices,experiment_2025-08-19_05-09-39_player0_Qwen_Qwen3-4B_player1_Qwen_Qwen3-4B_baked_pumpkin_slices.json,fuzzy_hierarchy,0,0,No reason provided,26,18,35.60076141357422
2025-08-21T01:58:29.627726,Qwen_Qwen3-4B_Qwen_Qwen3-4B,baked_pumpkin_slices,experiment_2025-08-19_04-58-43_player0_Qwen_Qwen3-4B_player1_Qwen_Qwen3-4B_baked_pumpkin_slices.json,fuzzy_hierarchy,0,0,No reason provided,51,18,60.188427448272705
2025-08-21T01:58:43.801507,Qwen_Qwen3-4B_Qwen_Qwen3-4B,baked_pumpkin_slices,experiment_2025-08-19_05-13-26_player0_Qwen_Qwen3-4B_player1_Qwen_Qwen3-4B_baked_pumpkin_slices.json,fuzzy_hierarchy,0,0,No reason provided,5,5,12.168630123138428
2025-08-21T01:59:23.578411,Qwen_Qwen3-4B_Qwen_Qwen3-4B,baked_pumpkin_slices,experiment_2025-08-19_04-55-50_player0_Qwen_Qwen3-4B_player1_Qwen_Qwen3-4B_baked_pumpkin_slices.json,fuzzy_hierarchy,0,0,No reason provided,16,16,37.771467447280884
2025-08-21T01:59:52.710425,Qwen_Qwen3-4B_Qwen_Qwen3-4B,boiled_corn_slices,experiment_2025-08-19_05-36-18_player0_Qwen_Qwen3-4B_player1_Qwen_Qwen3-4B_boiled_corn_slices.json,fuzzy_hierarchy,0,0,No reason provided,98,18,27.124749183654785
2025-08-21T02:00:40.280014,Qwen_Qwen3-4B_Qwen_Qwen3-4B,boiled_corn_slices,experiment_2025-08-19_05-25-49_player0_Qwen_Qwen3-4B_player1_Qwen_Qwen3-4B_boiled_corn_slices.json,fuzzy_hierarchy,0,0,No reason provided,31,18,45.56452679634094
2025-08-21T02:01:31.044139,Qwen_Qwen3-4B_Qwen_Qwen3-4B,boiled_corn_slices,experiment_2025-08-19_05-29-33_player0_Qwen_Qwen3-4B_player1_Qwen_Qwen3-4B_boiled_corn_slices.json,fuzzy_hierarchy,0,0,No reason provided,25,18,48.759185791015625
2025-08-21T02:02:09.449316,Qwen_Qwen3-4B_Qwen_Qwen3-4B,boiled_corn_slices,experiment_2025-08-19_05-28-05_player0_Qwen_Qwen3-4B_player1_Qwen_Qwen3-4B_boiled_corn_slices.json,fuzzy_hierarchy,0,0,No reason provided,20,18,36.40014910697937
2025-08-21T02:02:42.658890,Qwen_Qwen3-4B_Qwen_Qwen3-4B,boiled_corn_slices,experiment_2025-08-19_05-42-58_player0_Qwen_Qwen3-4B_player1_Qwen_Qwen3-4B_boiled_corn_slices.json,fuzzy_hierarchy,0,0,No reason provided,48,18,31.20469379425049
2025-08-21T02:03:04.756272,Qwen_Qwen3-4B_Qwen_Qwen3-4B,boiled_corn_slices,experiment_2025-08-19_05-19-30_player0_Qwen_Qwen3-4B_player1_Qwen_Qwen3-4B_boiled_corn_slices.json,fuzzy_hierarchy,0,0,No reason provided,18,18,20.092177391052246
2025-08-21T02:03:34.053497,Qwen_Qwen3-4B_Qwen_Qwen3-4B,boiled_corn_slices,experiment_2025-08-19_05-31-21_player0_Qwen_Qwen3-4B_player1_Qwen_Qwen3-4B_boiled_corn_slices.json,fuzzy_hierarchy,0,0,No reason provided,8,8,27.29212975502014
2025-08-21T02:04:16.287036,Qwen_Qwen3-4B_Qwen_Qwen3-4B,boiled_corn_slices,experiment_2025-08-19_05-24-30_player0_Qwen_Qwen3-4B_player1_Qwen_Qwen3-4B_boiled_corn_slices.json,fuzzy_hierarchy,0,0,No reason provided,15,15,40.22851490974426
2025-08-21T02:04:48.440068,Qwen_Qwen3-4B_Qwen_Qwen3-4B,boiled_corn_slices,experiment_2025-08-19_05-32-09_player0_Qwen_Qwen3-4B_player1_Qwen_Qwen3-4B_boiled_corn_slices.json,fuzzy_hierarchy,0,0,No reason provided,57,18,30.147939920425415
2025-08-21T02:05:28.092500,Qwen_Qwen3-4B_Qwen_Qwen3-4B,boiled_corn_slices,experiment_2025-08-19_05-20-54_player0_Qwen_Qwen3-4B_player1_Qwen_Qwen3-4B_boiled_corn_slices.json,fuzzy_hierarchy,0,0,No reason provided,50,18,37.64765810966492
2025-08-21T02:06:25.789826,Qwen_Qwen3-1.7B_Qwen_Qwen3-4B,boiled_green_bean_slices,experiment_2025-08-19_09-21-15_player0_Qwen_Qwen3-1.7B_player1_Qwen_Qwen3-4B_boiled_green_bean_slices.json,fuzzy_hierarchy,0,0,No reason provided,489,18,55.689544439315796
2025-08-21T02:06:48.020418,Qwen_Qwen3-1.7B_Qwen_Qwen3-4B,boiled_green_bean_slices,experiment_2025-08-19_10-11-35_player0_Qwen_Qwen3-1.7B_player1_Qwen_Qwen3-4B_boiled_green_bean_slices.json,fuzzy_hierarchy,0,0,No reason provided,8,8,20.224860191345215
2025-08-21T02:07:25.473778,Qwen_Qwen3-1.7B_Qwen_Qwen3-4B,boiled_green_bean_slices,experiment_2025-08-19_11-04-12_player0_Qwen_Qwen3-1.7B_player1_Qwen_Qwen3-4B_boiled_green_bean_slices.json,fuzzy_hierarchy,0,0,No reason provided,451,18,35.44818687438965
2025-08-21T02:08:00.981851,Qwen_Qwen3-1.7B_Qwen_Qwen3-4B,boiled_green_bean_slices,experiment_2025-08-19_09-45-56_player0_Qwen_Qwen3-1.7B_player1_Qwen_Qwen3-4B_boiled_green_bean_slices.json,fuzzy_hierarchy,0,0,No reason provided,65,18,33.50233840942383
2025-08-21T02:08:34.880808,Qwen_Qwen3-1.7B_Qwen_Qwen3-4B,boiled_green_bean_slices,experiment_2025-08-19_10-12-13_player0_Qwen_Qwen3-1.7B_player1_Qwen_Qwen3-4B_boiled_green_bean_slices.json,fuzzy_hierarchy,0,0,No reason provided,226,18,31.89460301399231
2025-08-21T02:08:55.915706,Qwen_Qwen3-1.7B_Qwen_Qwen3-4B,boiled_green_bean_slices,experiment_2025-08-19_09-04-12_player0_Qwen_Qwen3-1.7B_player1_Qwen_Qwen3-4B_boiled_green_bean_slices.json,fuzzy_hierarchy,0,0,No reason provided,296,18,19.02975869178772
2025-08-21T02:09:23.559570,Qwen_Qwen3-1.7B_Qwen_Qwen3-4B,boiled_green_bean_slices,experiment_2025-08-19_09-50-22_player0_Qwen_Qwen3-1.7B_player1_Qwen_Qwen3-4B_boiled_green_bean_slices.json,fuzzy_hierarchy,0,0,No reason provided,431,18,25.638262033462524
2025-08-21T02:09:50.146405,Qwen_Qwen3-1.7B_Qwen_Qwen3-4B,boiled_green_bean_slices,experiment_2025-08-19_10-25-22_player0_Qwen_Qwen3-1.7B_player1_Qwen_Qwen3-4B_boiled_green_bean_slices.json,fuzzy_hierarchy,0,0,No reason provided,559,18,24.581055164337158
2025-08-21T02:10:32.658439,Qwen_Qwen3-1.7B_Qwen_Qwen3-4B,boiled_green_bean_slices,experiment_2025-08-19_08-58-40_player0_Qwen_Qwen3-1.7B_player1_Qwen_Qwen3-4B_boiled_green_bean_slices.json,fuzzy_hierarchy,0,0,No reason provided,107,18,40.50653553009033
2025-08-21T02:11:08.280712,Qwen_Qwen3-1.7B_Qwen_Qwen3-4B,boiled_green_bean_slices,experiment_2025-08-19_10-54-29_player0_Qwen_Qwen3-1.7B_player1_Qwen_Qwen3-4B_boiled_green_bean_slices.json,fuzzy_hierarchy,0,0,No reason provided,170,18,33.617788791656494
2025-08-21T02:11:53.640818,Qwen_Qwen3-1.7B_Qwen_Qwen3-4B,boiled_corn_slices,experiment_2025-08-19_08-28-07_player0_Qwen_Qwen3-1.7B_player1_Qwen_Qwen3-4B_boiled_corn_slices.json,fuzzy_hierarchy,0,0,No reason provided,63,18,43.35241508483887
2025-08-21T02:12:24.369850,Qwen_Qwen3-1.7B_Qwen_Qwen3-4B,boiled_corn_slices,experiment_2025-08-19_07-10-07_player0_Qwen_Qwen3-1.7B_player1_Qwen_Qwen3-4B_boiled_corn_slices.json,fuzzy_hierarchy,0,0,No reason provided,402,18,28.724400520324707
2025-08-21T02:13:13.718826,Qwen_Qwen3-1.7B_Qwen_Qwen3-4B,boiled_corn_slices,experiment_2025-08-19_08-23-55_player0_Qwen_Qwen3-1.7B_player1_Qwen_Qwen3-4B_boiled_corn_slices.json,fuzzy_hierarchy,0,0,No reason provided,83,18,47.34332799911499
2025-08-21T02:13:55.385558,Qwen_Qwen3-1.7B_Qwen_Qwen3-4B,boiled_corn_slices,experiment_2025-08-19_07-56-49_player0_Qwen_Qwen3-1.7B_player1_Qwen_Qwen3-4B_boiled_corn_slices.json,fuzzy_hierarchy,0,0,No reason provided,375,18,39.66227197647095
2025-08-21T02:14:53.462417,Qwen_Qwen3-1.7B_Qwen_Qwen3-4B,boiled_corn_slices,experiment_2025-08-19_08-37-48_player0_Qwen_Qwen3-1.7B_player1_Qwen_Qwen3-4B_boiled_corn_slices.json,fuzzy_hierarchy,0,0,No reason provided,421,18,56.071083068847656
2025-08-21T02:15:40.066964,Qwen_Qwen3-1.7B_Qwen_Qwen3-4B,boiled_corn_slices,experiment_2025-08-19_07-49-13_player0_Qwen_Qwen3-1.7B_player1_Qwen_Qwen3-4B_boiled_corn_slices.json,fuzzy_hierarchy,0,0,No reason provided,84,18,44.598981618881226
2025-08-21T02:16:23.451422,Qwen_Qwen3-1.7B_Qwen_Qwen3-4B,boiled_corn_slices,experiment_2025-08-19_08-31-44_player0_Qwen_Qwen3-1.7B_player1_Qwen_Qwen3-4B_boiled_corn_slices.json,fuzzy_hierarchy,0,0,No reason provided,90,18,41.37973141670227
2025-08-21T02:16:50.361159,Qwen_Qwen3-1.7B_Qwen_Qwen3-4B,boiled_corn_slices,experiment_2025-08-19_07-30-30_player0_Qwen_Qwen3-1.7B_player1_Qwen_Qwen3-4B_boiled_corn_slices.json,fuzzy_hierarchy,0,0,No reason provided,340,18,24.90487837791443
2025-08-21T02:17:12.603316,Qwen_Qwen3-1.7B_Qwen_Qwen3-4B,boiled_corn_slices,experiment_2025-08-19_07-53-54_player0_Qwen_Qwen3-1.7B_player1_Qwen_Qwen3-4B_boiled_corn_slices.json,fuzzy_hierarchy,0,0,No reason provided,52,18,20.23598551750183
2025-08-21T02:18:04.304743,Qwen_Qwen3-1.7B_Qwen_Qwen3-4B,boiled_corn_slices,experiment_2025-08-19_07-02-47_player0_Qwen_Qwen3-1.7B_player1_Qwen_Qwen3-4B_boiled_corn_slices.json,fuzzy_hierarchy,0,0,No reason provided,140,18,49.6968150138855
2025-08-21T02:18:35.253648,Qwen_Qwen3-1.7B_Qwen_Qwen3-4B,boiled_potato_slices,experiment_2025-08-19_05-15-33_player0_Qwen_Qwen3-1.7B_player1_Qwen_Qwen3-4B_boiled_potato_slices.json,fuzzy_hierarchy,0,0,No reason provided,118,18,28.941646337509155
2025-08-21T02:19:08.469020,Qwen_Qwen3-1.7B_Qwen_Qwen3-4B,boiled_potato_slices,experiment_2025-08-19_06-26-15_player0_Qwen_Qwen3-1.7B_player1_Qwen_Qwen3-4B_boiled_potato_slices.json,fuzzy_hierarchy,0,0,No reason provided,306,18,31.21024250984192
2025-08-21T02:19:43.468159,Qwen_Qwen3-1.7B_Qwen_Qwen3-4B,boiled_potato_slices,experiment_2025-08-19_04-53-29_player0_Qwen_Qwen3-1.7B_player1_Qwen_Qwen3-4B_boiled_potato_slices.json,fuzzy_hierarchy,0,0,No reason provided,319,18,32.993683099746704
2025-08-21T02:20:14.332303,Qwen_Qwen3-1.7B_Qwen_Qwen3-4B,boiled_potato_slices,experiment_2025-08-19_06-07-50_player0_Qwen_Qwen3-1.7B_player1_Qwen_Qwen3-4B_boiled_potato_slices.json,fuzzy_hierarchy,0,0,No reason provided,298,18,28.858551740646362
2025-08-21T02:20:59.156132,Qwen_Qwen3-1.7B_Qwen_Qwen3-4B,boiled_potato_slices,experiment_2025-08-19_05-22-46_player0_Qwen_Qwen3-1.7B_player1_Qwen_Qwen3-4B_boiled_potato_slices.json,fuzzy_hierarchy,0,0,No reason provided,384,18,42.8184711933136
2025-08-21T02:21:23.288722,Qwen_Qwen3-1.7B_Qwen_Qwen3-4B,boiled_potato_slices,experiment_2025-08-19_04-52-18_player0_Qwen_Qwen3-1.7B_player1_Qwen_Qwen3-4B_boiled_potato_slices.json,fuzzy_hierarchy,0,0,No reason provided,16,16,22.127020597457886
2025-08-21T02:22:12.802123,Qwen_Qwen3-1.7B_Qwen_Qwen3-4B,boiled_potato_slices,experiment_2025-08-19_05-48-12_player0_Qwen_Qwen3-1.7B_player1_Qwen_Qwen3-4B_boiled_potato_slices.json,fuzzy_hierarchy,0,0,No reason provided,246,18,47.50804328918457
2025-08-21T02:23:25.290418,Qwen_Qwen3-1.7B_Qwen_Qwen3-4B,boiled_potato_slices,experiment_2025-08-19_05-11-01_player0_Qwen_Qwen3-1.7B_player1_Qwen_Qwen3-4B_boiled_potato_slices.json,fuzzy_hierarchy,0,0,No reason provided,79,18,70.48337864875793
2025-08-21T02:24:03.735851,Qwen_Qwen3-1.7B_Qwen_Qwen3-4B,boiled_potato_slices,experiment_2025-08-19_06-45-34_player0_Qwen_Qwen3-1.7B_player1_Qwen_Qwen3-4B_boiled_potato_slices.json,fuzzy_hierarchy,0,0,No reason provided,12,12,36.4404718875885
2025-08-21T02:24:59.266363,Qwen_Qwen3-1.7B_Qwen_Qwen3-4B,baked_pumpkin_slices,experiment_2025-08-19_05-19-53_player0_Qwen_Qwen3-1.7B_player1_Qwen_Qwen3-4B_baked_pumpkin_slices.json,fuzzy_hierarchy,0,0,No reason provided,79,18,53.52310085296631
2025-08-21T02:25:18.817310,Qwen_Qwen3-1.7B_Qwen_Qwen3-4B,baked_pumpkin_slices,experiment_2025-08-19_05-24-18_player0_Qwen_Qwen3-1.7B_player1_Qwen_Qwen3-4B_baked_pumpkin_slices.json,fuzzy_hierarchy,0,0,No reason provided,127,18,17.54588484764099
2025-08-21T02:25:56.109588,Qwen_Qwen3-1.7B_Qwen_Qwen3-4B,baked_pumpkin_slices,experiment_2025-08-19_05-38-57_player0_Qwen_Qwen3-1.7B_player1_Qwen_Qwen3-4B_baked_pumpkin_slices.json,no_hierarchy,0,0,No reason provided,71,18,35.28736209869385
2025-08-21T02:26:57.328302,Qwen_Qwen3-1.7B_Qwen_Qwen3-4B,baked_pumpkin_slices,experiment_2025-08-19_06-30-53_player0_Qwen_Qwen3-1.7B_player1_Qwen_Qwen3-4B_baked_pumpkin_slices.json,fuzzy_hierarchy,0,0,No reason provided,594,18,59.213911056518555
2025-08-21T02:27:27.377052,Qwen_Qwen3-1.7B_Qwen_Qwen3-4B,baked_pumpkin_slices,experiment_2025-08-19_05-15-13_player0_Qwen_Qwen3-1.7B_player1_Qwen_Qwen3-4B_baked_pumpkin_slices.json,fuzzy_hierarchy,0,0,No reason provided,82,18,28.043105602264404
2025-08-21T02:28:24.802306,Qwen_Qwen3-1.7B_Qwen_Qwen3-4B,baked_pumpkin_slices,experiment_2025-08-19_06-02-23_player0_Qwen_Qwen3-1.7B_player1_Qwen_Qwen3-4B_baked_pumpkin_slices.json,fuzzy_hierarchy,0,0,No reason provided,510,18,55.42078471183777
2025-08-21T02:29:37.058515,Qwen_Qwen3-1.7B_Qwen_Qwen3-4B,baked_pumpkin_slices,experiment_2025-08-19_04-52-18_player0_Qwen_Qwen3-1.7B_player1_Qwen_Qwen3-4B_baked_pumpkin_slices.json,fuzzy_hierarchy,0,0,No reason provided,409,18,70.2505874633789
2025-08-21T02:30:12.146679,Qwen_Qwen3-1.7B_Qwen_Qwen3-4B,baked_pumpkin_slices,experiment_2025-08-19_05-36-06_player0_Qwen_Qwen3-1.7B_player1_Qwen_Qwen3-4B_baked_pumpkin_slices.json,fuzzy_hierarchy,0,0,No reason provided,43,18,33.082497119903564
2025-08-21T02:30:40.046338,Qwen_Qwen3-1.7B_Qwen_Qwen3-4B,baked_pumpkin_slices,experiment_2025-08-19_05-31-26_player0_Qwen_Qwen3-1.7B_player1_Qwen_Qwen3-4B_baked_pumpkin_slices.json,fuzzy_hierarchy,0,0,No reason provided,78,18,25.89438271522522
2025-08-21T02:31:16.544975,Qwen_Qwen3-1.7B_Qwen_Qwen3-4B,baked_pumpkin_slices,experiment_2025-08-19_05-43-02_player0_Qwen_Qwen3-1.7B_player1_Qwen_Qwen3-4B_baked_pumpkin_slices.json,fuzzy_hierarchy,0,0,No reason provided,355,18,34.49404954910278
2025-08-21T02:31:54.088693,Qwen_Qwen3-1.7B_Qwen_Qwen3-1.7B,boiled_corn_slices,experiment_2025-08-19_10-26-45_player0_Qwen_Qwen3-1.7B_player1_Qwen_Qwen3-1.7B_boiled_corn_slices.json,fuzzy_hierarchy,0,0,No reason provided,289,18,35.53528308868408
2025-08-21T02:32:48.767518,Qwen_Qwen3-1.7B_Qwen_Qwen3-1.7B,boiled_corn_slices,experiment_2025-08-19_10-25-36_player0_Qwen_Qwen3-1.7B_player1_Qwen_Qwen3-1.7B_boiled_corn_slices.json,fuzzy_hierarchy,0,0,No reason provided,22,18,52.673346519470215
2025-08-21T02:33:14.844950,Qwen_Qwen3-1.7B_Qwen_Qwen3-1.7B,boiled_corn_slices,experiment_2025-08-19_08-47-10_player0_Qwen_Qwen3-1.7B_player1_Qwen_Qwen3-1.7B_boiled_corn_slices.json,fuzzy_hierarchy,0,0,No reason provided,9,9,24.071844816207886
2025-08-21T02:33:42.128682,Qwen_Qwen3-1.7B_Qwen_Qwen3-1.7B,boiled_corn_slices,experiment_2025-08-19_10-39-29_player0_Qwen_Qwen3-1.7B_player1_Qwen_Qwen3-1.7B_boiled_corn_slices.json,fuzzy_hierarchy,0,0,No reason provided,429,18,25.27876615524292
2025-08-21T02:35:01.888018,Qwen_Qwen3-1.7B_Qwen_Qwen3-1.7B,boiled_corn_slices,experiment_2025-08-19_09-23-22_player0_Qwen_Qwen3-1.7B_player1_Qwen_Qwen3-1.7B_boiled_corn_slices.json,fuzzy_hierarchy,0,0,No reason provided,221,18,77.75365734100342
2025-08-21T02:35:35.014392,Qwen_Qwen3-1.7B_Qwen_Qwen3-1.7B,boiled_corn_slices,experiment_2025-08-19_08-25-23_player0_Qwen_Qwen3-1.7B_player1_Qwen_Qwen3-1.7B_boiled_corn_slices.json,fuzzy_hierarchy,0,0,No reason provided,507,18,31.120986938476562
2025-08-21T02:36:02.340579,Qwen_Qwen3-1.7B_Qwen_Qwen3-1.7B,boiled_corn_slices,experiment_2025-08-19_10-00-20_player0_Qwen_Qwen3-1.7B_player1_Qwen_Qwen3-1.7B_boiled_corn_slices.json,fuzzy_hierarchy,0,0,No reason provided,569,18,25.32047986984253
2025-08-21T02:36:51.262633,Qwen_Qwen3-1.7B_Qwen_Qwen3-1.7B,boiled_corn_slices,experiment_2025-08-19_09-16-44_player0_Qwen_Qwen3-1.7B_player1_Qwen_Qwen3-1.7B_boiled_corn_slices.json,fuzzy_hierarchy,0,0,No reason provided,141,18,46.916489601135254
2025-08-21T02:37:38.000969,Qwen_Qwen3-1.7B_Qwen_Qwen3-1.7B,boiled_corn_slices,experiment_2025-08-19_09-32-59_player0_Qwen_Qwen3-1.7B_player1_Qwen_Qwen3-1.7B_boiled_corn_slices.json,fuzzy_hierarchy,0,0,No reason provided,651,18,44.73302602767944
2025-08-21T02:38:13.501345,Qwen_Qwen3-1.7B_Qwen_Qwen3-1.7B,boiled_corn_slices,experiment_2025-08-19_08-47-46_player0_Qwen_Qwen3-1.7B_player1_Qwen_Qwen3-1.7B_boiled_corn_slices.json,fuzzy_hierarchy,0,0,No reason provided,667,18,33.494633197784424
2025-08-21T02:38:47.590908,Qwen_Qwen3-1.7B_Qwen_Qwen3-1.7B,boiled_green_bean_slices,experiment_2025-08-19_13-18-50_player0_Qwen_Qwen3-1.7B_player1_Qwen_Qwen3-1.7B_boiled_green_bean_slices.json,no_hierarchy,0,0,No reason provided,537,18,32.08167624473572
2025-08-21T02:39:21.562550,Qwen_Qwen3-1.7B_Qwen_Qwen3-1.7B,boiled_green_bean_slices,experiment_2025-08-19_11-13-33_player0_Qwen_Qwen3-1.7B_player1_Qwen_Qwen3-1.7B_boiled_green_bean_slices.json,fuzzy_hierarchy,0,0,No reason provided,648,18,31.965725421905518
2025-08-21T02:40:39.158372,Qwen_Qwen3-1.7B_Qwen_Qwen3-1.7B,boiled_green_bean_slices,experiment_2025-08-19_10-58-32_player0_Qwen_Qwen3-1.7B_player1_Qwen_Qwen3-1.7B_boiled_green_bean_slices.json,fuzzy_hierarchy,0,0,No reason provided,325,18,75.58982038497925
2025-08-21T02:41:12.864269,Qwen_Qwen3-1.7B_Qwen_Qwen3-1.7B,boiled_green_bean_slices,experiment_2025-08-19_11-42-24_player0_Qwen_Qwen3-1.7B_player1_Qwen_Qwen3-1.7B_boiled_green_bean_slices.json,fuzzy_hierarchy,0,0,No reason provided,591,18,31.699750661849976
2025-08-21T02:42:00.790412,Qwen_Qwen3-1.7B_Qwen_Qwen3-1.7B,boiled_green_bean_slices,experiment_2025-08-19_13-37-53_player0_Qwen_Qwen3-1.7B_player1_Qwen_Qwen3-1.7B_boiled_green_bean_slices.json,fuzzy_hierarchy,0,0,No reason provided,435,18,45.92040705680847
2025-08-21T02:42:35.882152,Qwen_Qwen3-1.7B_Qwen_Qwen3-1.7B,boiled_green_bean_slices,experiment_2025-08-19_13-00-44_player0_Qwen_Qwen3-1.7B_player1_Qwen_Qwen3-1.7B_boiled_green_bean_slices.json,fuzzy_hierarchy,0,0,No reason provided,490,18,33.08611989021301
2025-08-21T02:42:56.649030,Qwen_Qwen3-1.7B_Qwen_Qwen3-1.7B,boiled_green_bean_slices,experiment_2025-08-19_12-06-22_player0_Qwen_Qwen3-1.7B_player1_Qwen_Qwen3-1.7B_boiled_green_bean_slices.json,fuzzy_hierarchy,0,0,No reason provided,470,18,18.761122465133667
2025-08-21T02:43:21.449229,Qwen_Qwen3-1.7B_Qwen_Qwen3-1.7B,boiled_green_bean_slices,experiment_2025-08-19_13-00-16_player0_Qwen_Qwen3-1.7B_player1_Qwen_Qwen3-1.7B_boiled_green_bean_slices.json,no_hierarchy,0,0,No reason provided,6,6,22.79436492919922
2025-08-21T02:43:47.277143,Qwen_Qwen3-1.7B_Qwen_Qwen3-1.7B,boiled_green_bean_slices,experiment_2025-08-19_12-26-19_player0_Qwen_Qwen3-1.7B_player1_Qwen_Qwen3-1.7B_boiled_green_bean_slices.json,fuzzy_hierarchy,0,0,No reason provided,420,18,23.822627067565918
2025-08-21T02:44:34.638826,Qwen_Qwen3-1.7B_Qwen_Qwen3-1.7B,boiled_green_bean_slices,experiment_2025-08-19_12-41-52_player0_Qwen_Qwen3-1.7B_player1_Qwen_Qwen3-1.7B_boiled_green_bean_slices.json,fuzzy_hierarchy,0,0,No reason provided,477,18,45.35719323158264
2025-08-21T02:44:57.094011,Qwen_Qwen3-1.7B_Qwen_Qwen3-1.7B,baked_pumpkin_slices,experiment_2025-08-19_07-01-50_player0_Qwen_Qwen3-1.7B_player1_Qwen_Qwen3-1.7B_baked_pumpkin_slices.json,fuzzy_hierarchy,0,0,No reason provided,631,18,20.446551084518433
2025-08-21T02:45:16.747418,Qwen_Qwen3-1.7B_Qwen_Qwen3-1.7B,baked_pumpkin_slices,experiment_2025-08-19_05-05-55_player0_Qwen_Qwen3-1.7B_player1_Qwen_Qwen3-1.7B_baked_pumpkin_slices.json,no_hierarchy,0,0,No reason provided,598,18,17.647380113601685
2025-08-21T02:45:54.816897,Qwen_Qwen3-1.7B_Qwen_Qwen3-1.7B,baked_pumpkin_slices,experiment_2025-08-19_06-31-02_player0_Qwen_Qwen3-1.7B_player1_Qwen_Qwen3-1.7B_baked_pumpkin_slices.json,no_hierarchy,0,0,No reason provided,643,18,36.06362724304199
2025-08-21T02:46:32.248115,Qwen_Qwen3-1.7B_Qwen_Qwen3-1.7B,baked_pumpkin_slices,experiment_2025-08-19_05-33-33_player0_Qwen_Qwen3-1.7B_player1_Qwen_Qwen3-1.7B_baked_pumpkin_slices.json,fuzzy_hierarchy,0,0,No reason provided,647,18,35.42533802986145
2025-08-21T02:47:17.750393,Qwen_Qwen3-1.7B_Qwen_Qwen3-1.7B,baked_pumpkin_slices,experiment_2025-08-19_04-52-18_player0_Qwen_Qwen3-1.7B_player1_Qwen_Qwen3-1.7B_baked_pumpkin_slices.json,fuzzy_hierarchy,0,0,No reason provided,13,13,43.4963493347168
2025-08-21T02:48:04.215558,Qwen_Qwen3-1.7B_Qwen_Qwen3-1.7B,baked_pumpkin_slices,experiment_2025-08-19_06-03-40_player0_Qwen_Qwen3-1.7B_player1_Qwen_Qwen3-1.7B_baked_pumpkin_slices.json,fuzzy_hierarchy,0,0,No reason provided,570,18,44.459789991378784
2025-08-21T02:48:39.562739,Qwen_Qwen3-1.7B_Qwen_Qwen3-1.7B,baked_pumpkin_slices,experiment_2025-08-19_07-00-26_player0_Qwen_Qwen3-1.7B_player1_Qwen_Qwen3-1.7B_baked_pumpkin_slices.json,no_hierarchy,0,0,No reason provided,24,18,33.341349601745605
2025-08-21T02:49:06.255929,Qwen_Qwen3-1.7B_Qwen_Qwen3-1.7B,baked_pumpkin_slices,experiment_2025-08-19_07-29-20_player0_Qwen_Qwen3-1.7B_player1_Qwen_Qwen3-1.7B_baked_pumpkin_slices.json,fuzzy_hierarchy,0,0,No reason provided,583,18,24.688043117523193
2025-08-21T02:49:30.867450,Qwen_Qwen3-1.7B_Qwen_Qwen3-1.7B,baked_pumpkin_slices,experiment_2025-08-19_04-53-14_player0_Qwen_Qwen3-1.7B_player1_Qwen_Qwen3-1.7B_baked_pumpkin_slices.json,fuzzy_hierarchy,0,0,No reason provided,277,18,22.605324029922485
2025-08-21T02:50:08.738725,Qwen_Qwen3-1.7B_Qwen_Qwen3-1.7B,baked_pumpkin_slices,experiment_2025-08-19_07-54-38_player0_Qwen_Qwen3-1.7B_player1_Qwen_Qwen3-1.7B_baked_pumpkin_slices.json,no_hierarchy,0,0,No reason provided,688,18,35.8654670715332
2025-08-21T02:50:39.606858,Qwen_Qwen3-1.7B_Qwen_Qwen3-1.7B,boiled_potato_slices,experiment_2025-08-19_05-25-26_player0_Qwen_Qwen3-1.7B_player1_Qwen_Qwen3-1.7B_boiled_potato_slices.json,fuzzy_hierarchy,0,0,No reason provided,111,18,28.859687328338623
2025-08-21T02:51:17.423611,Qwen_Qwen3-1.7B_Qwen_Qwen3-1.7B,boiled_potato_slices,experiment_2025-08-19_04-52-18_player0_Qwen_Qwen3-1.7B_player1_Qwen_Qwen3-1.7B_boiled_potato_slices.json,fuzzy_hierarchy,0,0,No reason provided,18,18,35.811421632766724
2025-08-21T02:51:49.452608,Qwen_Qwen3-1.7B_Qwen_Qwen3-1.7B,boiled_potato_slices,experiment_2025-08-19_05-30-56_player0_Qwen_Qwen3-1.7B_player1_Qwen_Qwen3-1.7B_boiled_potato_slices.json,fuzzy_hierarchy,0,0,No reason provided,493,18,30.023771286010742
2025-08-21T02:52:42.386266,Qwen_Qwen3-1.7B_Qwen_Qwen3-1.7B,boiled_potato_slices,experiment_2025-08-19_05-54-14_player0_Qwen_Qwen3-1.7B_player1_Qwen_Qwen3-1.7B_boiled_potato_slices.json,fuzzy_hierarchy,0,0,No reason provided,453,18,50.92796301841736
2025-08-21T02:53:29.887913,Qwen_Qwen3-1.7B_Qwen_Qwen3-1.7B,boiled_potato_slices,experiment_2025-08-19_05-09-57_player0_Qwen_Qwen3-1.7B_player1_Qwen_Qwen3-1.7B_boiled_potato_slices.json,fuzzy_hierarchy,0,0,No reason provided,167,18,45.49573278427124
2025-08-21T02:53:57.995485,Qwen_Qwen3-1.7B_Qwen_Qwen3-1.7B,boiled_potato_slices,experiment_2025-08-19_04-53-25_player0_Qwen_Qwen3-1.7B_player1_Qwen_Qwen3-1.7B_boiled_potato_slices.json,fuzzy_hierarchy,0,0,No reason provided,343,18,26.102313995361328
2025-08-21T02:54:43.765025,Qwen_Qwen3-1.7B_Qwen_Qwen3-1.7B,boiled_potato_slices,experiment_2025-08-19_05-22-28_player0_Qwen_Qwen3-1.7B_player1_Qwen_Qwen3-1.7B_boiled_potato_slices.json,fuzzy_hierarchy,0,0,No reason provided,56,18,43.763975620269775
2025-08-21T02:55:22.129125,Qwen_Qwen3-1.7B_Qwen_Qwen3-1.7B,boiled_potato_slices,experiment_2025-08-19_05-18-08_player0_Qwen_Qwen3-1.7B_player1_Qwen_Qwen3-1.7B_boiled_potato_slices.json,fuzzy_hierarchy,0,0,No reason provided,32,18,36.358561992645264
2025-08-21T02:55:37.896642,Qwen_Qwen3-1.7B_Qwen_Qwen3-1.7B,boiled_potato_slices,experiment_2025-08-19_05-21-55_player0_Qwen_Qwen3-1.7B_player1_Qwen_Qwen3-1.7B_boiled_potato_slices.json,no_hierarchy,0,0,No reason provided,7,7,13.76222538948059
2025-08-21T02:56:03.131366,Qwen_Qwen3-1.7B_Qwen_Qwen3-1.7B,boiled_potato_slices,experiment_2025-08-19_05-19-52_player0_Qwen_Qwen3-1.7B_player1_Qwen_Qwen3-1.7B_boiled_potato_slices.json,fuzzy_hierarchy,0,0,No reason provided,40,18,23.229257345199585
2025-08-21T02:56:33.543074,Qwen_Qwen3-14B_Qwen_Qwen3-32B,boiled_potato_slices,experiment_2025-08-19_10-12-49_player0_Qwen_Qwen3-14B_player1_Qwen_Qwen3-32B_boiled_potato_slices.json,fuzzy_hierarchy,0,0,No reason provided,94,18,28.402819871902466
2025-08-21T02:57:06.933230,Qwen_Qwen3-14B_Qwen_Qwen3-32B,boiled_potato_slices,experiment_2025-08-19_08-24-23_player0_Qwen_Qwen3-14B_player1_Qwen_Qwen3-32B_boiled_potato_slices.json,fuzzy_hierarchy,0,0,No reason provided,69,18,31.385322093963623
2025-08-21T02:57:28.353295,Qwen_Qwen3-14B_Qwen_Qwen3-32B,boiled_potato_slices,experiment_2025-08-19_09-16-13_player0_Qwen_Qwen3-14B_player1_Qwen_Qwen3-32B_boiled_potato_slices.json,fuzzy_hierarchy,0,0,No reason provided,203,18,19.414766311645508
2025-08-21T02:57:58.495346,Qwen_Qwen3-14B_Qwen_Qwen3-32B,boiled_potato_slices,experiment_2025-08-19_08-51-25_player0_Qwen_Qwen3-14B_player1_Qwen_Qwen3-32B_boiled_potato_slices.json,fuzzy_hierarchy,0,0,No reason provided,156,18,28.13714075088501
2025-08-21T02:58:47.604665,Qwen_Qwen3-14B_Qwen_Qwen3-32B,boiled_potato_slices,experiment_2025-08-19_08-12-03_player0_Qwen_Qwen3-14B_player1_Qwen_Qwen3-32B_boiled_potato_slices.json,fuzzy_hierarchy,0,0,No reason provided,21,18,47.10397720336914
2025-08-21T02:59:15.033395,Qwen_Qwen3-14B_Qwen_Qwen3-32B,boiled_potato_slices,experiment_2025-08-19_08-15-28_player0_Qwen_Qwen3-14B_player1_Qwen_Qwen3-32B_boiled_potato_slices.json,fuzzy_hierarchy,0,0,No reason provided,59,18,25.423189163208008
2025-08-21T02:59:51.592874,Qwen_Qwen3-14B_Qwen_Qwen3-32B,boiled_potato_slices,experiment_2025-08-19_10-27-23_player0_Qwen_Qwen3-14B_player1_Qwen_Qwen3-32B_boiled_potato_slices.json,fuzzy_hierarchy,0,0,No reason provided,80,18,34.55468678474426
2025-08-21T03:00:11.534916,Qwen_Qwen3-14B_Qwen_Qwen3-32B,boiled_potato_slices,experiment_2025-08-19_08-49-57_player0_Qwen_Qwen3-14B_player1_Qwen_Qwen3-32B_boiled_potato_slices.json,fuzzy_hierarchy,0,0,No reason provided,7,7,17.937216758728027
2025-08-21T03:00:43.601666,Qwen_Qwen3-14B_Qwen_Qwen3-32B,boiled_potato_slices,experiment_2025-08-19_09-46-55_player0_Qwen_Qwen3-14B_player1_Qwen_Qwen3-32B_boiled_potato_slices.json,fuzzy_hierarchy,0,0,No reason provided,171,18,30.061066150665283
2025-08-21T03:01:22.541548,Qwen_Qwen3-14B_Qwen_Qwen3-32B,boiled_potato_slices,experiment_2025-08-19_08-35-08_player0_Qwen_Qwen3-14B_player1_Qwen_Qwen3-32B_boiled_potato_slices.json,fuzzy_hierarchy,0,0,No reason provided,104,18,36.93486928939819
2025-08-21T03:02:22.030405,Qwen_Qwen3-14B_Qwen_Qwen3-32B,boiled_green_bean_slices,experiment_2025-08-19_07-57-14_player0_Qwen_Qwen3-14B_player1_Qwen_Qwen3-32B_boiled_green_bean_slices.json,fuzzy_hierarchy,0,0,No reason provided,93,18,57.481483697891235
2025-08-21T03:02:53.541163,Qwen_Qwen3-14B_Qwen_Qwen3-32B,boiled_green_bean_slices,experiment_2025-08-19_05-42-17_player0_Qwen_Qwen3-14B_player1_Qwen_Qwen3-32B_boiled_green_bean_slices.json,fuzzy_hierarchy,0,0,No reason provided,113,18,29.506121158599854
2025-08-21T03:03:47.432018,Qwen_Qwen3-14B_Qwen_Qwen3-32B,boiled_green_bean_slices,experiment_2025-08-19_05-09-04_player0_Qwen_Qwen3-14B_player1_Qwen_Qwen3-32B_boiled_green_bean_slices.json,clear_hierarchy,1,0,No reason provided,120,18,51.885831117630005
2025-08-21T03:04:32.611953,Qwen_Qwen3-14B_Qwen_Qwen3-32B,boiled_green_bean_slices,experiment_2025-08-19_05-58-47_player0_Qwen_Qwen3-14B_player1_Qwen_Qwen3-32B_boiled_green_bean_slices.json,fuzzy_hierarchy,0,0,No reason provided,210,18,43.17475652694702
2025-08-21T03:04:57.816523,Qwen_Qwen3-14B_Qwen_Qwen3-32B,boiled_green_bean_slices,experiment_2025-08-19_06-30-15_player0_Qwen_Qwen3-14B_player1_Qwen_Qwen3-32B_boiled_green_bean_slices.json,fuzzy_hierarchy,0,0,No reason provided,191,18,23.198829412460327
2025-08-21T03:05:26.921538,Qwen_Qwen3-14B_Qwen_Qwen3-32B,boiled_green_bean_slices,experiment_2025-08-19_07-31-04_player0_Qwen_Qwen3-14B_player1_Qwen_Qwen3-32B_boiled_green_bean_slices.json,fuzzy_hierarchy,0,0,No reason provided,166,18,27.09146738052368
2025-08-21T03:05:53.846195,Qwen_Qwen3-14B_Qwen_Qwen3-32B,boiled_green_bean_slices,experiment_2025-08-19_04-52-18_player0_Qwen_Qwen3-14B_player1_Qwen_Qwen3-32B_boiled_green_bean_slices.json,fuzzy_hierarchy,0,0,No reason provided,107,18,24.91903018951416
2025-08-21T03:06:32.099574,Qwen_Qwen3-14B_Qwen_Qwen3-32B,boiled_green_bean_slices,experiment_2025-08-19_06-57-51_player0_Qwen_Qwen3-14B_player1_Qwen_Qwen3-32B_boiled_green_bean_slices.json,fuzzy_hierarchy,0,0,No reason provided,214,18,36.24843144416809
2025-08-21T03:07:06.204437,Qwen_Qwen3-14B_Qwen_Qwen3-32B,boiled_green_bean_slices,experiment_2025-08-19_05-26-01_player0_Qwen_Qwen3-14B_player1_Qwen_Qwen3-32B_boiled_green_bean_slices.json,fuzzy_hierarchy,0,0,No reason provided,39,18,32.099268436431885
2025-08-21T03:07:34.842561,Qwen_Qwen3-14B_Qwen_Qwen3-32B,boiled_green_bean_slices,experiment_2025-08-19_05-32-03_player0_Qwen_Qwen3-14B_player1_Qwen_Qwen3-32B_boiled_green_bean_slices.json,fuzzy_hierarchy,0,0,No reason provided,70,18,26.63254690170288
2025-08-21T03:08:20.086079,Qwen_Qwen3-14B_Qwen_Qwen3-32B,boiled_corn_slices,experiment_2025-08-19_10-22-28_player0_Qwen_Qwen3-14B_player1_Qwen_Qwen3-32B_boiled_corn_slices.json,fuzzy_hierarchy,0,0,No reason provided,210,18,43.2361581325531
2025-08-21T03:08:44.240346,Qwen_Qwen3-14B_Qwen_Qwen3-32B,boiled_corn_slices,experiment_2025-08-19_11-34-02_player0_Qwen_Qwen3-14B_player1_Qwen_Qwen3-32B_boiled_corn_slices.json,clear_hierarchy,1,0,No reason provided,85,18,22.148749351501465
2025-08-21T03:09:48.750101,Qwen_Qwen3-14B_Qwen_Qwen3-32B,boiled_corn_slices,experiment_2025-08-19_09-14-43_player0_Qwen_Qwen3-14B_player1_Qwen_Qwen3-32B_boiled_corn_slices.json,clear_hierarchy,1,0,No reason provided,128,18,62.504932165145874
2025-08-21T03:10:29.391979,Qwen_Qwen3-14B_Qwen_Qwen3-32B,boiled_corn_slices,experiment_2025-08-19_11-22-06_player0_Qwen_Qwen3-14B_player1_Qwen_Qwen3-32B_boiled_corn_slices.json,fuzzy_hierarchy,0,0,No reason provided,79,18,38.637871503829956
2025-08-21T03:11:19.626803,Qwen_Qwen3-14B_Qwen_Qwen3-32B,boiled_corn_slices,experiment_2025-08-19_11-54-22_player0_Qwen_Qwen3-14B_player1_Qwen_Qwen3-32B_boiled_corn_slices.json,fuzzy_hierarchy,0,0,No reason provided,187,18,48.229867458343506
2025-08-21T03:11:42.385920,Qwen_Qwen3-14B_Qwen_Qwen3-32B,boiled_corn_slices,experiment_2025-08-19_09-43-28_player0_Qwen_Qwen3-14B_player1_Qwen_Qwen3-32B_boiled_corn_slices.json,error,0,0,Error occurred during analysis,259,18,20.753613233566284
2025-08-21T03:12:19.534006,Qwen_Qwen3-14B_Qwen_Qwen3-32B,boiled_corn_slices,experiment_2025-08-19_09-43-28_player0_Qwen_Qwen3-14B_player1_Qwen_Qwen3-32B_boiled_corn_slices.json,clear_hierarchy,1,0,No reason provided,259,18,34.14317059516907
2025-08-21T03:12:49.373938,Qwen_Qwen3-14B_Qwen_Qwen3-32B,boiled_corn_slices,experiment_2025-08-19_11-48-15_player0_Qwen_Qwen3-14B_player1_Qwen_Qwen3-32B_boiled_corn_slices.json,fuzzy_hierarchy,0,0,No reason provided,39,18,27.833752632141113
2025-08-21T03:13:19.596883,Qwen_Qwen3-14B_Qwen_Qwen3-32B,boiled_corn_slices,experiment_2025-08-19_09-34-07_player0_Qwen_Qwen3-14B_player1_Qwen_Qwen3-32B_boiled_corn_slices.json,fuzzy_hierarchy,0,0,No reason provided,60,18,28.21801447868347
2025-08-21T03:14:01.068152,Qwen_Qwen3-14B_Qwen_Qwen3-32B,boiled_corn_slices,experiment_2025-08-19_10-52-56_player0_Qwen_Qwen3-14B_player1_Qwen_Qwen3-32B_boiled_corn_slices.json,clear_hierarchy,1,0,No reason provided,217,18,39.465449810028076
2025-08-21T03:15:02.531847,Qwen_Qwen3-14B_Qwen_Qwen3-32B,boiled_corn_slices,experiment_2025-08-19_12-19-56_player0_Qwen_Qwen3-14B_player1_Qwen_Qwen3-32B_boiled_corn_slices.json,fuzzy_hierarchy,0,0,No reason provided,30,18,59.45779728889465
2025-08-21T03:15:33.523282,Qwen_Qwen3-14B_Qwen_Qwen3-32B,baked_pumpkin_slices,experiment_2025-08-19_08-00-32_player0_Qwen_Qwen3-14B_player1_Qwen_Qwen3-32B_baked_pumpkin_slices.json,clear_hierarchy,1,0,No reason provided,77,18,28.983776092529297
2025-08-21T03:15:59.788907,Qwen_Qwen3-14B_Qwen_Qwen3-32B,baked_pumpkin_slices,experiment_2025-08-19_07-17-30_player0_Qwen_Qwen3-14B_player1_Qwen_Qwen3-32B_baked_pumpkin_slices.json,fuzzy_hierarchy,0,0,No reason provided,49,18,24.26080560684204
2025-08-21T03:16:35.779616,Qwen_Qwen3-14B_Qwen_Qwen3-32B,baked_pumpkin_slices,experiment_2025-08-19_08-21-12_player0_Qwen_Qwen3-14B_player1_Qwen_Qwen3-32B_baked_pumpkin_slices.json,clear_hierarchy,1,0,No reason provided,51,18,33.98580002784729
2025-08-21T03:17:08.103649,Qwen_Qwen3-14B_Qwen_Qwen3-32B,baked_pumpkin_slices,experiment_2025-08-19_07-37-11_player0_Qwen_Qwen3-14B_player1_Qwen_Qwen3-32B_baked_pumpkin_slices.json,fuzzy_hierarchy,0,0,No reason provided,58,18,30.31916046142578
2025-08-21T03:17:30.314642,Qwen_Qwen3-14B_Qwen_Qwen3-32B,baked_pumpkin_slices,experiment_2025-08-19_07-45-52_player0_Qwen_Qwen3-14B_player1_Qwen_Qwen3-32B_baked_pumpkin_slices.json,fuzzy_hierarchy,0,0,No reason provided,102,18,20.206297397613525
2025-08-21T03:18:20.712223,Qwen_Qwen3-14B_Qwen_Qwen3-32B,baked_pumpkin_slices,experiment_2025-08-19_09-06-57_player0_Qwen_Qwen3-14B_player1_Qwen_Qwen3-32B_baked_pumpkin_slices.json,fuzzy_hierarchy,0,0,No reason provided,51,18,48.3918879032135
2025-08-21T03:18:46.969336,Qwen_Qwen3-14B_Qwen_Qwen3-32B,baked_pumpkin_slices,experiment_2025-08-19_08-28-48_player0_Qwen_Qwen3-14B_player1_Qwen_Qwen3-32B_baked_pumpkin_slices.json,no_hierarchy,0,0,No reason provided,265,18,24.252354621887207
2025-08-21T03:19:18.404193,Qwen_Qwen3-14B_Qwen_Qwen3-32B,baked_pumpkin_slices,experiment_2025-08-19_07-27-06_player0_Qwen_Qwen3-14B_player1_Qwen_Qwen3-32B_baked_pumpkin_slices.json,clear_hierarchy,1,0,No reason provided,62,18,29.429107189178467
2025-08-21T03:19:50.391638,Qwen_Qwen3-14B_Qwen_Qwen3-32B,baked_pumpkin_slices,experiment_2025-08-19_08-12-07_player0_Qwen_Qwen3-14B_player1_Qwen_Qwen3-32B_baked_pumpkin_slices.json,fuzzy_hierarchy,0,0,No reason provided,62,18,29.982604265213013
2025-08-21T03:20:22.274374,Qwen_Qwen3-14B_Qwen_Qwen3-32B,baked_pumpkin_slices,experiment_2025-08-19_07-25-09_player0_Qwen_Qwen3-14B_player1_Qwen_Qwen3-32B_baked_pumpkin_slices.json,clear_hierarchy,1,0,No reason provided,11,11,29.87789487838745
2025-08-21T03:21:10.725199,Qwen_Qwen3-32B_Qwen_Qwen3-1.7B,baked_pumpkin_slices,experiment_2025-08-19_07-45-32_player0_Qwen_Qwen3-32B_player1_Qwen_Qwen3-1.7B_baked_pumpkin_slices.json,fuzzy_hierarchy,0,0,No reason provided,249,18,46.441487550735474
2025-08-21T03:21:38.660891,Qwen_Qwen3-32B_Qwen_Qwen3-1.7B,baked_pumpkin_slices,experiment_2025-08-19_09-52-05_player0_Qwen_Qwen3-32B_player1_Qwen_Qwen3-1.7B_baked_pumpkin_slices.json,fuzzy_hierarchy,0,0,No reason provided,429,18,25.92739987373352
2025-08-21T03:22:24.209416,Qwen_Qwen3-32B_Qwen_Qwen3-1.7B,baked_pumpkin_slices,experiment_2025-08-19_10-32-42_player0_Qwen_Qwen3-32B_player1_Qwen_Qwen3-1.7B_baked_pumpkin_slices.json,fuzzy_hierarchy,0,0,No reason provided,12,12,43.54292058944702
2025-08-21T03:22:47.157473,Qwen_Qwen3-32B_Qwen_Qwen3-1.7B,baked_pumpkin_slices,experiment_2025-08-19_08-08-55_player0_Qwen_Qwen3-32B_player1_Qwen_Qwen3-1.7B_baked_pumpkin_slices.json,fuzzy_hierarchy,0,0,No reason provided,525,18,20.942647457122803
2025-08-21T03:23:15.778790,Qwen_Qwen3-32B_Qwen_Qwen3-1.7B,baked_pumpkin_slices,experiment_2025-08-19_10-35-42_player0_Qwen_Qwen3-32B_player1_Qwen_Qwen3-1.7B_baked_pumpkin_slices.json,fuzzy_hierarchy,0,0,No reason provided,645,18,26.615541696548462
2025-08-21T03:23:50.476457,Qwen_Qwen3-32B_Qwen_Qwen3-1.7B,baked_pumpkin_slices,experiment_2025-08-19_05-50-02_player0_Qwen_Qwen3-32B_player1_Qwen_Qwen3-1.7B_baked_pumpkin_slices.json,fuzzy_hierarchy,0,0,No reason provided,620,18,32.69180369377136
2025-08-21T03:24:28.266953,Qwen_Qwen3-32B_Qwen_Qwen3-1.7B,baked_pumpkin_slices,experiment_2025-08-19_05-48-38_player0_Qwen_Qwen3-32B_player1_Qwen_Qwen3-1.7B_baked_pumpkin_slices.json,fuzzy_hierarchy,0,0,No reason provided,13,13,35.78443694114685
2025-08-21T03:24:55.048683,Qwen_Qwen3-32B_Qwen_Qwen3-1.7B,baked_pumpkin_slices,experiment_2025-08-19_10-34-05_player0_Qwen_Qwen3-32B_player1_Qwen_Qwen3-1.7B_baked_pumpkin_slices.json,fuzzy_hierarchy,0,0,No reason provided,15,15,24.77610945701599
2025-08-21T03:25:24.802917,Qwen_Qwen3-32B_Qwen_Qwen3-1.7B,baked_pumpkin_slices,experiment_2025-08-19_06-46-07_player0_Qwen_Qwen3-32B_player1_Qwen_Qwen3-1.7B_baked_pumpkin_slices.json,fuzzy_hierarchy,0,0,No reason provided,708,18,27.748838663101196
2025-08-21T03:25:52.689104,Qwen_Qwen3-32B_Qwen_Qwen3-1.7B,baked_pumpkin_slices,experiment_2025-08-19_08-55-09_player0_Qwen_Qwen3-32B_player1_Qwen_Qwen3-1.7B_baked_pumpkin_slices.json,fuzzy_hierarchy,0,0,No reason provided,565,18,25.87981915473938
2025-08-21T03:26:40.860872,Qwen_Qwen3-32B_Qwen_Qwen3-1.7B,boiled_green_bean_slices,experiment_2025-08-19_04-52-18_player0_Qwen_Qwen3-32B_player1_Qwen_Qwen3-1.7B_boiled_green_bean_slices.json,fuzzy_hierarchy,0,0,No reason provided,10,10,46.16333270072937
2025-08-21T03:27:43.055391,Qwen_Qwen3-32B_Qwen_Qwen3-1.7B,boiled_green_bean_slices,experiment_2025-08-19_06-41-22_player0_Qwen_Qwen3-32B_player1_Qwen_Qwen3-1.7B_boiled_green_bean_slices.json,fuzzy_hierarchy,0,0,No reason provided,376,18,60.18875312805176
2025-08-21T03:28:19.354334,Qwen_Qwen3-32B_Qwen_Qwen3-1.7B,boiled_green_bean_slices,experiment_2025-08-19_10-30-43_player0_Qwen_Qwen3-32B_player1_Qwen_Qwen3-1.7B_boiled_green_bean_slices.json,fuzzy_hierarchy,0,0,No reason provided,606,18,34.29340720176697
2025-08-21T03:28:50.277674,Qwen_Qwen3-32B_Qwen_Qwen3-1.7B,boiled_green_bean_slices,experiment_2025-08-19_08-16-01_player0_Qwen_Qwen3-32B_player1_Qwen_Qwen3-1.7B_boiled_green_bean_slices.json,fuzzy_hierarchy,0,0,No reason provided,548,18,28.91698932647705
2025-08-21T03:29:42.296379,Qwen_Qwen3-32B_Qwen_Qwen3-1.7B,boiled_green_bean_slices,experiment_2025-08-19_04-53-43_player0_Qwen_Qwen3-32B_player1_Qwen_Qwen3-1.7B_boiled_green_bean_slices.json,fuzzy_hierarchy,0,0,No reason provided,503,18,50.013054609298706
2025-08-21T03:30:25.433993,Qwen_Qwen3-32B_Qwen_Qwen3-1.7B,boiled_green_bean_slices,experiment_2025-08-19_09-11-54_player0_Qwen_Qwen3-32B_player1_Qwen_Qwen3-1.7B_boiled_green_bean_slices.json,fuzzy_hierarchy,0,0,No reason provided,346,18,41.13168287277222
2025-08-21T03:30:59.197661,Qwen_Qwen3-32B_Qwen_Qwen3-1.7B,boiled_green_bean_slices,experiment_2025-08-19_09-44-54_player0_Qwen_Qwen3-32B_player1_Qwen_Qwen3-1.7B_boiled_green_bean_slices.json,fuzzy_hierarchy,0,0,No reason provided,466,18,31.75753164291382
2025-08-21T03:31:37.580060,Qwen_Qwen3-32B_Qwen_Qwen3-1.7B,boiled_green_bean_slices,experiment_2025-08-19_05-39-39_player0_Qwen_Qwen3-32B_player1_Qwen_Qwen3-1.7B_boiled_green_bean_slices.json,fuzzy_hierarchy,0,0,No reason provided,618,18,36.376402854919434
2025-08-21T03:32:11.592950,Qwen_Qwen3-32B_Qwen_Qwen3-1.7B,boiled_green_bean_slices,experiment_2025-08-19_10-29-03_player0_Qwen_Qwen3-32B_player1_Qwen_Qwen3-1.7B_boiled_green_bean_slices.json,fuzzy_hierarchy,0,0,No reason provided,12,12,32.00658655166626
2025-08-21T03:32:40.673816,Qwen_Qwen3-32B_Qwen_Qwen3-1.7B,boiled_green_bean_slices,experiment_2025-08-19_07-25-35_player0_Qwen_Qwen3-32B_player1_Qwen_Qwen3-1.7B_boiled_green_bean_slices.json,fuzzy_hierarchy,0,0,No reason provided,499,18,27.07553458213806
2025-08-21T03:33:10.784182,Qwen_Qwen3-32B_Qwen_Qwen3-1.7B,boiled_potato_slices,experiment_2025-08-19_11-28-06_player0_Qwen_Qwen3-32B_player1_Qwen_Qwen3-1.7B_boiled_potato_slices.json,fuzzy_hierarchy,0,0,No reason provided,406,18,28.10201072692871
2025-08-21T03:33:51.014290,Qwen_Qwen3-32B_Qwen_Qwen3-1.7B,boiled_potato_slices,experiment_2025-08-19_12-07-07_player0_Qwen_Qwen3-32B_player1_Qwen_Qwen3-1.7B_boiled_potato_slices.json,fuzzy_hierarchy,0,0,No reason provided,543,18,38.2243230342865
2025-08-21T03:34:33.987546,Qwen_Qwen3-32B_Qwen_Qwen3-1.7B,boiled_potato_slices,experiment_2025-08-19_13-13-02_player0_Qwen_Qwen3-32B_player1_Qwen_Qwen3-1.7B_boiled_potato_slices.json,fuzzy_hierarchy,0,0,No reason provided,360,18,40.96691012382507
2025-08-21T03:35:24.180198,Qwen_Qwen3-32B_Qwen_Qwen3-1.7B,boiled_potato_slices,experiment_2025-08-19_12-57-15_player0_Qwen_Qwen3-32B_player1_Qwen_Qwen3-1.7B_boiled_potato_slices.json,fuzzy_hierarchy,0,0,No reason provided,78,18,48.18683981895447
2025-08-21T03:35:53.748769,Qwen_Qwen3-32B_Qwen_Qwen3-1.7B,boiled_potato_slices,experiment_2025-08-19_13-04-45_player0_Qwen_Qwen3-32B_player1_Qwen_Qwen3-1.7B_boiled_potato_slices.json,fuzzy_hierarchy,0,0,No reason provided,85,18,27.5638267993927
2025-08-21T03:36:21.843796,Qwen_Qwen3-32B_Qwen_Qwen3-1.7B,boiled_potato_slices,experiment_2025-08-19_11-26-49_player0_Qwen_Qwen3-32B_player1_Qwen_Qwen3-1.7B_boiled_potato_slices.json,fuzzy_hierarchy,0,0,No reason provided,10,10,26.089707374572754
2025-08-21T03:37:10.922799,Qwen_Qwen3-32B_Qwen_Qwen3-1.7B,boiled_potato_slices,experiment_2025-08-19_13-44-02_player0_Qwen_Qwen3-32B_player1_Qwen_Qwen3-1.7B_boiled_potato_slices.json,fuzzy_hierarchy,0,0,No reason provided,633,18,47.07360339164734
2025-08-21T03:37:48.169971,Qwen_Qwen3-32B_Qwen_Qwen3-1.7B,boiled_potato_slices,experiment_2025-08-19_11-19-41_player0_Qwen_Qwen3-32B_player1_Qwen_Qwen3-1.7B_boiled_potato_slices.json,fuzzy_hierarchy,0,0,No reason provided,57,18,35.24092698097229
2025-08-21T03:38:15.130925,Qwen_Qwen3-32B_Qwen_Qwen3-1.7B,boiled_potato_slices,experiment_2025-08-19_14-40-41_player0_Qwen_Qwen3-32B_player1_Qwen_Qwen3-1.7B_boiled_potato_slices.json,fuzzy_hierarchy,0,0,No reason provided,479,18,24.955348253250122
2025-08-21T03:38:52.746932,Qwen_Qwen3-32B_Qwen_Qwen3-1.7B,boiled_potato_slices,experiment_2025-08-19_15-19-40_player0_Qwen_Qwen3-32B_player1_Qwen_Qwen3-1.7B_boiled_potato_slices.json,fuzzy_hierarchy,0,0,No reason provided,10,10,35.610098123550415
2025-08-21T03:39:27.979586,Qwen_Qwen3-32B_Qwen_Qwen3-1.7B,boiled_corn_slices,experiment_2025-08-19_14-45-35_player0_Qwen_Qwen3-32B_player1_Qwen_Qwen3-1.7B_boiled_corn_slices.json,fuzzy_hierarchy,0,0,No reason provided,597,18,33.22487425804138
2025-08-21T03:40:19.075416,Qwen_Qwen3-32B_Qwen_Qwen3-1.7B,boiled_corn_slices,experiment_2025-08-19_15-30-13_player0_Qwen_Qwen3-32B_player1_Qwen_Qwen3-1.7B_boiled_corn_slices.json,fuzzy_hierarchy,0,0,No reason provided,520,18,49.08972501754761
2025-08-21T03:40:51.810130,Qwen_Qwen3-32B_Qwen_Qwen3-1.7B,boiled_corn_slices,experiment_2025-08-19_13-21-54_player0_Qwen_Qwen3-32B_player1_Qwen_Qwen3-1.7B_boiled_corn_slices.json,fuzzy_hierarchy,0,0,No reason provided,545,18,30.728797912597656
2025-08-21T03:41:33.677202,Qwen_Qwen3-32B_Qwen_Qwen3-1.7B,boiled_corn_slices,experiment_2025-08-19_14-05-09_player0_Qwen_Qwen3-32B_player1_Qwen_Qwen3-1.7B_boiled_corn_slices.json,fuzzy_hierarchy,0,0,No reason provided,588,18,39.86129570007324
2025-08-21T03:42:06.635592,Qwen_Qwen3-32B_Qwen_Qwen3-1.7B,boiled_corn_slices,experiment_2025-08-19_12-18-03_player0_Qwen_Qwen3-32B_player1_Qwen_Qwen3-1.7B_boiled_corn_slices.json,fuzzy_hierarchy,0,0,No reason provided,567,18,30.95259928703308
2025-08-21T03:42:43.413790,Qwen_Qwen3-32B_Qwen_Qwen3-1.7B,boiled_corn_slices,experiment_2025-08-19_16-08-43_player0_Qwen_Qwen3-32B_player1_Qwen_Qwen3-1.7B_boiled_corn_slices.json,fuzzy_hierarchy,0,0,No reason provided,437,18,34.77176094055176
2025-08-21T03:43:07.088018,Qwen_Qwen3-32B_Qwen_Qwen3-1.7B,boiled_corn_slices,experiment_2025-08-19_13-05-38_player0_Qwen_Qwen3-32B_player1_Qwen_Qwen3-1.7B_boiled_corn_slices.json,fuzzy_hierarchy,0,0,No reason provided,177,18,21.668039083480835
2025-08-21T03:43:36.272117,Qwen_Qwen3-32B_Qwen_Qwen3-1.7B,boiled_corn_slices,experiment_2025-08-19_16-39-04_player0_Qwen_Qwen3-32B_player1_Qwen_Qwen3-1.7B_boiled_corn_slices.json,fuzzy_hierarchy,0,0,No reason provided,17,17,27.178048610687256
2025-08-21T03:44:00.354013,Qwen_Qwen3-32B_Qwen_Qwen3-1.7B,boiled_corn_slices,experiment_2025-08-19_11-28-41_player0_Qwen_Qwen3-32B_player1_Qwen_Qwen3-1.7B_boiled_corn_slices.json,fuzzy_hierarchy,0,0,No reason provided,599,18,22.076571941375732
2025-08-21T03:44:33.767847,Qwen_Qwen3-32B_Qwen_Qwen3-1.7B,boiled_corn_slices,experiment_2025-08-19_16-40-36_player0_Qwen_Qwen3-32B_player1_Qwen_Qwen3-1.7B_boiled_corn_slices.json,clear_hierarchy,0,1,No reason provided,568,18,31.40786623954773
2025-08-21T03:45:00.655218,Qwen_Qwen3-8B_Qwen_Qwen3-4B,boiled_corn_slices,experiment_2025-08-19_09-54-44_player0_Qwen_Qwen3-8B_player1_Qwen_Qwen3-4B_boiled_corn_slices.json,fuzzy_hierarchy,0,0,No reason provided,9,9,24.846811056137085
2025-08-21T03:45:27.955614,Qwen_Qwen3-8B_Qwen_Qwen3-4B,boiled_corn_slices,experiment_2025-08-19_10-10-22_player0_Qwen_Qwen3-8B_player1_Qwen_Qwen3-4B_boiled_corn_slices.json,fuzzy_hierarchy,0,0,No reason provided,67,18,25.294875144958496
2025-08-21T03:45:57.194042,Qwen_Qwen3-8B_Qwen_Qwen3-4B,boiled_corn_slices,experiment_2025-08-19_10-07-42_player0_Qwen_Qwen3-8B_player1_Qwen_Qwen3-4B_boiled_corn_slices.json,fuzzy_hierarchy,0,0,No reason provided,3,3,27.232760906219482
2025-08-21T03:46:18.770114,Qwen_Qwen3-8B_Qwen_Qwen3-4B,boiled_corn_slices,experiment_2025-08-19_10-08-30_player0_Qwen_Qwen3-8B_player1_Qwen_Qwen3-4B_boiled_corn_slices.json,fuzzy_hierarchy,0,0,No reason provided,4,4,19.570396184921265
2025-08-21T03:46:35.966731,Qwen_Qwen3-8B_Qwen_Qwen3-4B,boiled_corn_slices,experiment_2025-08-19_09-55-40_player0_Qwen_Qwen3-8B_player1_Qwen_Qwen3-4B_boiled_corn_slices.json,clear_hierarchy,1,0,No reason provided,7,7,15.191285133361816
2025-08-21T03:47:09.945347,Qwen_Qwen3-8B_Qwen_Qwen3-4B,boiled_corn_slices,experiment_2025-08-19_09-56-29_player0_Qwen_Qwen3-8B_player1_Qwen_Qwen3-4B_boiled_corn_slices.json,fuzzy_hierarchy,0,0,No reason provided,11,11,31.972588062286377
2025-08-21T03:47:39.158270,Qwen_Qwen3-8B_Qwen_Qwen3-4B,boiled_corn_slices,experiment_2025-08-19_09-57-40_player0_Qwen_Qwen3-8B_player1_Qwen_Qwen3-4B_boiled_corn_slices.json,fuzzy_hierarchy,0,0,No reason provided,119,18,27.20711660385132
2025-08-21T03:48:36.844935,Qwen_Qwen3-8B_Qwen_Qwen3-4B,boiled_corn_slices,experiment_2025-08-19_10-08-59_player0_Qwen_Qwen3-8B_player1_Qwen_Qwen3-4B_boiled_corn_slices.json,fuzzy_hierarchy,0,0,No reason provided,13,13,55.680952310562134
2025-08-21T03:49:14.910074,Qwen_Qwen3-8B_Qwen_Qwen3-4B,boiled_corn_slices,experiment_2025-08-19_10-15-42_player0_Qwen_Qwen3-8B_player1_Qwen_Qwen3-4B_boiled_corn_slices.json,fuzzy_hierarchy,0,0,No reason provided,5,5,36.05941104888916
2025-08-21T03:49:34.332643,Qwen_Qwen3-8B_Qwen_Qwen3-4B,boiled_corn_slices,experiment_2025-08-19_10-08-06_player0_Qwen_Qwen3-8B_player1_Qwen_Qwen3-4B_boiled_corn_slices.json,fuzzy_hierarchy,0,0,No reason provided,3,3,17.417197942733765
2025-08-21T03:50:01.068919,Qwen_Qwen3-8B_Qwen_Qwen3-4B,baked_pumpkin_slices,experiment_2025-08-19_14-46-17_player0_Qwen_Qwen3-8B_player1_Qwen_Qwen3-4B_baked_pumpkin_slices.json,fuzzy_hierarchy,0,0,No reason provided,54,18,24.728128910064697
2025-08-21T03:50:27.934217,Qwen_Qwen3-8B_Qwen_Qwen3-4B,baked_pumpkin_slices,experiment_2025-08-19_15-10-12_player0_Qwen_Qwen3-8B_player1_Qwen_Qwen3-4B_baked_pumpkin_slices.json,fuzzy_hierarchy,0,0,No reason provided,61,18,24.860135316848755
2025-08-21T03:50:49.208743,Qwen_Qwen3-8B_Qwen_Qwen3-4B,baked_pumpkin_slices,experiment_2025-08-19_14-45-45_player0_Qwen_Qwen3-8B_player1_Qwen_Qwen3-4B_baked_pumpkin_slices.json,clear_hierarchy,1,0,No reason provided,5,5,19.269099712371826
2025-08-21T03:51:23.336107,Qwen_Qwen3-8B_Qwen_Qwen3-4B,baked_pumpkin_slices,experiment_2025-08-19_14-58-27_player0_Qwen_Qwen3-8B_player1_Qwen_Qwen3-4B_baked_pumpkin_slices.json,no_hierarchy,0,0,No reason provided,46,18,32.1218581199646
2025-08-21T03:51:59.984032,Qwen_Qwen3-8B_Qwen_Qwen3-4B,baked_pumpkin_slices,experiment_2025-08-19_15-05-26_player0_Qwen_Qwen3-8B_player1_Qwen_Qwen3-4B_baked_pumpkin_slices.json,fuzzy_hierarchy,0,0,No reason provided,67,18,34.64332318305969
2025-08-21T03:52:15.662524,Qwen_Qwen3-8B_Qwen_Qwen3-4B,baked_pumpkin_slices,experiment_2025-08-19_15-05-07_player0_Qwen_Qwen3-8B_player1_Qwen_Qwen3-4B_baked_pumpkin_slices.json,fuzzy_hierarchy,0,0,No reason provided,3,3,13.673609495162964
2025-08-21T03:52:31.366463,Qwen_Qwen3-8B_Qwen_Qwen3-4B,baked_pumpkin_slices,experiment_2025-08-19_15-04-40_player0_Qwen_Qwen3-8B_player1_Qwen_Qwen3-4B_baked_pumpkin_slices.json,fuzzy_hierarchy,0,0,No reason provided,4,4,13.698530673980713
2025-08-21T03:53:10.714241,Qwen_Qwen3-8B_Qwen_Qwen3-4B,baked_pumpkin_slices,experiment_2025-08-19_14-55-49_player0_Qwen_Qwen3-8B_player1_Qwen_Qwen3-4B_baked_pumpkin_slices.json,fuzzy_hierarchy,0,0,No reason provided,38,18,37.342103481292725
2025-08-21T03:53:42.906133,Qwen_Qwen3-8B_Qwen_Qwen3-4B,baked_pumpkin_slices,experiment_2025-08-19_14-50-09_player0_Qwen_Qwen3-8B_player1_Qwen_Qwen3-4B_baked_pumpkin_slices.json,fuzzy_hierarchy,0,0,No reason provided,77,18,30.18666410446167
2025-08-21T03:54:22.532520,Qwen_Qwen3-8B_Qwen_Qwen3-4B,baked_pumpkin_slices,experiment_2025-08-19_15-01-52_player0_Qwen_Qwen3-8B_player1_Qwen_Qwen3-4B_baked_pumpkin_slices.json,fuzzy_hierarchy,0,0,No reason provided,41,18,37.621373653411865
2025-08-21T03:54:49.076205,Qwen_Qwen3-8B_Qwen_Qwen3-4B,boiled_green_bean_slices,experiment_2025-08-19_10-27-09_player0_Qwen_Qwen3-8B_player1_Qwen_Qwen3-4B_boiled_green_bean_slices.json,fuzzy_hierarchy,0,0,No reason provided,141,18,24.53648853302002
2025-08-21T03:55:19.350226,Qwen_Qwen3-8B_Qwen_Qwen3-4B,boiled_green_bean_slices,experiment_2025-08-19_10-39-56_player0_Qwen_Qwen3-8B_player1_Qwen_Qwen3-4B_boiled_green_bean_slices.json,fuzzy_hierarchy,0,0,No reason provided,192,18,28.268912076950073
2025-08-21T03:55:32.328721,Qwen_Qwen3-8B_Qwen_Qwen3-4B,boiled_green_bean_slices,experiment_2025-08-19_11-27-38_player0_Qwen_Qwen3-8B_player1_Qwen_Qwen3-4B_boiled_green_bean_slices.json,fuzzy_hierarchy,0,0,No reason provided,39,18,10.972365617752075
2025-08-21T03:55:59.063228,Qwen_Qwen3-8B_Qwen_Qwen3-4B,boiled_green_bean_slices,experiment_2025-08-19_11-01-33_player0_Qwen_Qwen3-8B_player1_Qwen_Qwen3-4B_boiled_green_bean_slices.json,fuzzy_hierarchy,0,0,No reason provided,331,18,24.729594945907593
2025-08-21T03:56:25.942346,Qwen_Qwen3-8B_Qwen_Qwen3-4B,boiled_green_bean_slices,experiment_2025-08-19_11-30-48_player0_Qwen_Qwen3-8B_player1_Qwen_Qwen3-4B_boiled_green_bean_slices.json,fuzzy_hierarchy,0,0,No reason provided,54,18,24.873210906982422
2025-08-21T03:57:06.041673,Qwen_Qwen3-8B_Qwen_Qwen3-4B,boiled_green_bean_slices,experiment_2025-08-19_11-35-31_player0_Qwen_Qwen3-8B_player1_Qwen_Qwen3-4B_boiled_green_bean_slices.json,fuzzy_hierarchy,0,0,No reason provided,277,18,38.09394931793213
2025-08-21T03:57:35.947690,Qwen_Qwen3-8B_Qwen_Qwen3-4B,boiled_green_bean_slices,experiment_2025-08-19_10-17-48_player0_Qwen_Qwen3-8B_player1_Qwen_Qwen3-4B_boiled_green_bean_slices.json,fuzzy_hierarchy,0,0,No reason provided,111,18,27.90021252632141
2025-08-21T03:58:10.948046,Qwen_Qwen3-8B_Qwen_Qwen3-4B,boiled_green_bean_slices,experiment_2025-08-19_10-16-14_player0_Qwen_Qwen3-8B_player1_Qwen_Qwen3-4B_boiled_green_bean_slices.json,fuzzy_hierarchy,0,0,No reason provided,21,18,32.995217084884644
2025-08-21T03:58:53.453583,Qwen_Qwen3-8B_Qwen_Qwen3-4B,boiled_green_bean_slices,experiment_2025-08-19_10-53-41_player0_Qwen_Qwen3-8B_player1_Qwen_Qwen3-4B_boiled_green_bean_slices.json,no_hierarchy,0,0,No reason provided,92,18,40.50006103515625
2025-08-21T03:59:26.376838,Qwen_Qwen3-8B_Qwen_Qwen3-4B,boiled_green_bean_slices,experiment_2025-08-19_12-01-06_player0_Qwen_Qwen3-8B_player1_Qwen_Qwen3-4B_boiled_green_bean_slices.json,fuzzy_hierarchy,0,0,No reason provided,237,18,30.918071508407593
2025-08-21T04:00:06.668110,Qwen_Qwen3-8B_Qwen_Qwen3-4B,boiled_potato_slices,experiment_2025-08-19_12-47-35_player0_Qwen_Qwen3-8B_player1_Qwen_Qwen3-4B_boiled_potato_slices.json,fuzzy_hierarchy,0,0,No reason provided,71,18,38.28287363052368
2025-08-21T04:00:48.134440,Qwen_Qwen3-8B_Qwen_Qwen3-4B,boiled_potato_slices,experiment_2025-08-19_12-26-39_player0_Qwen_Qwen3-8B_player1_Qwen_Qwen3-4B_boiled_potato_slices.json,fuzzy_hierarchy,0,0,No reason provided,85,18,39.4608690738678
2025-08-21T04:01:52.505525,Qwen_Qwen3-8B_Qwen_Qwen3-4B,boiled_potato_slices,experiment_2025-08-19_12-54-43_player0_Qwen_Qwen3-8B_player1_Qwen_Qwen3-4B_boiled_potato_slices.json,fuzzy_hierarchy,0,0,No reason provided,72,18,62.36595273017883
2025-08-21T04:02:30.123696,Qwen_Qwen3-8B_Qwen_Qwen3-4B,boiled_potato_slices,experiment_2025-08-19_12-18-56_player0_Qwen_Qwen3-8B_player1_Qwen_Qwen3-4B_boiled_potato_slices.json,fuzzy_hierarchy,0,0,No reason provided,39,18,35.613152742385864
2025-08-21T04:03:04.387414,Qwen_Qwen3-8B_Qwen_Qwen3-4B,boiled_potato_slices,experiment_2025-08-19_12-34-03_player0_Qwen_Qwen3-8B_player1_Qwen_Qwen3-4B_boiled_potato_slices.json,fuzzy_hierarchy,0,0,No reason provided,122,18,32.2581627368927
2025-08-21T04:03:43.483333,Qwen_Qwen3-8B_Qwen_Qwen3-4B,boiled_potato_slices,experiment_2025-08-19_12-44-00_player0_Qwen_Qwen3-8B_player1_Qwen_Qwen3-4B_boiled_potato_slices.json,fuzzy_hierarchy,0,0,No reason provided,43,18,37.09073877334595
2025-08-21T04:03:58.804248,Qwen_Qwen3-8B_Qwen_Qwen3-4B,boiled_potato_slices,experiment_2025-08-19_12-33-42_player0_Qwen_Qwen3-8B_player1_Qwen_Qwen3-4B_boiled_potato_slices.json,fuzzy_hierarchy,0,0,No reason provided,3,3,13.315300703048706
2025-08-21T04:04:19.799714,Qwen_Qwen3-8B_Qwen_Qwen3-4B,boiled_potato_slices,experiment_2025-08-19_12-21-59_player0_Qwen_Qwen3-8B_player1_Qwen_Qwen3-4B_boiled_potato_slices.json,fuzzy_hierarchy,0,0,No reason provided,58,18,18.989760160446167
2025-08-21T04:04:43.344330,Qwen_Qwen3-8B_Qwen_Qwen3-4B,boiled_potato_slices,experiment_2025-08-19_12-17-43_player0_Qwen_Qwen3-8B_player1_Qwen_Qwen3-4B_boiled_potato_slices.json,fuzzy_hierarchy,0,0,No reason provided,17,17,21.539599180221558
2025-08-21T04:05:05.838432,Qwen_Qwen3-8B_Qwen_Qwen3-4B,boiled_potato_slices,experiment_2025-08-19_12-52-48_player0_Qwen_Qwen3-8B_player1_Qwen_Qwen3-4B_boiled_potato_slices.json,fuzzy_hierarchy,0,0,No reason provided,22,18,20.488078594207764
2025-08-21T04:05:32.258884,Qwen_Qwen3-32B_Qwen_Qwen3-8B,baked_pumpkin_slices,experiment_2025-08-19_09-16-30_player0_Qwen_Qwen3-32B_player1_Qwen_Qwen3-8B_baked_pumpkin_slices.json,fuzzy_hierarchy,0,0,No reason provided,40,18,24.410720348358154
2025-08-21T04:05:50.655430,Qwen_Qwen3-32B_Qwen_Qwen3-8B,baked_pumpkin_slices,experiment_2025-08-19_09-30-30_player0_Qwen_Qwen3-32B_player1_Qwen_Qwen3-8B_baked_pumpkin_slices.json,fuzzy_hierarchy,0,0,No reason provided,133,18,16.391767740249634
2025-08-21T04:06:25.168919,Qwen_Qwen3-32B_Qwen_Qwen3-8B,baked_pumpkin_slices,experiment_2025-08-19_08-42-34_player0_Qwen_Qwen3-32B_player1_Qwen_Qwen3-8B_baked_pumpkin_slices.json,fuzzy_hierarchy,0,0,No reason provided,48,18,32.50737142562866
2025-08-21T04:07:00.465251,Qwen_Qwen3-32B_Qwen_Qwen3-8B,baked_pumpkin_slices,experiment_2025-08-19_09-21-37_player0_Qwen_Qwen3-32B_player1_Qwen_Qwen3-8B_baked_pumpkin_slices.json,fuzzy_hierarchy,0,0,No reason provided,71,18,33.29115033149719
2025-08-21T04:07:21.384654,Qwen_Qwen3-32B_Qwen_Qwen3-8B,baked_pumpkin_slices,experiment_2025-08-19_09-01-11_player0_Qwen_Qwen3-32B_player1_Qwen_Qwen3-8B_baked_pumpkin_slices.json,fuzzy_hierarchy,0,0,No reason provided,70,18,18.91286849975586
2025-08-21T04:07:55.238619,Qwen_Qwen3-32B_Qwen_Qwen3-8B,baked_pumpkin_slices,experiment_2025-08-19_09-08-55_player0_Qwen_Qwen3-32B_player1_Qwen_Qwen3-8B_baked_pumpkin_slices.json,fuzzy_hierarchy,0,0,No reason provided,57,18,31.848113298416138
2025-08-21T04:08:27.858071,Qwen_Qwen3-32B_Qwen_Qwen3-8B,baked_pumpkin_slices,experiment_2025-08-19_08-19-27_player0_Qwen_Qwen3-32B_player1_Qwen_Qwen3-8B_baked_pumpkin_slices.json,fuzzy_hierarchy,0,0,No reason provided,123,18,30.61333465576172
2025-08-21T04:08:51.530804,Qwen_Qwen3-32B_Qwen_Qwen3-8B,baked_pumpkin_slices,experiment_2025-08-19_08-52-21_player0_Qwen_Qwen3-32B_player1_Qwen_Qwen3-8B_baked_pumpkin_slices.json,fuzzy_hierarchy,0,0,No reason provided,86,18,21.66770076751709
2025-08-21T04:09:28.901059,Qwen_Qwen3-32B_Qwen_Qwen3-8B,baked_pumpkin_slices,experiment_2025-08-19_08-48-32_player0_Qwen_Qwen3-32B_player1_Qwen_Qwen3-8B_baked_pumpkin_slices.json,fuzzy_hierarchy,0,0,No reason provided,35,18,35.36491584777832
2025-08-21T04:10:10.890611,Qwen_Qwen3-32B_Qwen_Qwen3-8B,baked_pumpkin_slices,experiment_2025-08-19_08-34-34_player0_Qwen_Qwen3-32B_player1_Qwen_Qwen3-8B_baked_pumpkin_slices.json,clear_hierarchy,1,0,No reason provided,74,18,39.983662605285645
2025-08-21T04:10:39.598049,Qwen_Qwen3-32B_Qwen_Qwen3-8B,boiled_green_bean_slices,experiment_2025-08-19_07-24-58_player0_Qwen_Qwen3-32B_player1_Qwen_Qwen3-8B_boiled_green_bean_slices.json,fuzzy_hierarchy,0,0,No reason provided,83,18,26.699273824691772
2025-08-21T04:11:10.380044,Qwen_Qwen3-32B_Qwen_Qwen3-8B,boiled_green_bean_slices,experiment_2025-08-19_07-59-11_player0_Qwen_Qwen3-32B_player1_Qwen_Qwen3-8B_boiled_green_bean_slices.json,clear_hierarchy,1,0,No reason provided,12,12,28.776435136795044
2025-08-21T04:11:32.635895,Qwen_Qwen3-32B_Qwen_Qwen3-8B,boiled_green_bean_slices,experiment_2025-08-19_07-33-35_player0_Qwen_Qwen3-32B_player1_Qwen_Qwen3-8B_boiled_green_bean_slices.json,fuzzy_hierarchy,0,0,No reason provided,100,18,20.250290632247925
2025-08-21T04:11:59.626456,Qwen_Qwen3-32B_Qwen_Qwen3-8B,boiled_green_bean_slices,experiment_2025-08-19_07-20-36_player0_Qwen_Qwen3-32B_player1_Qwen_Qwen3-8B_boiled_green_bean_slices.json,fuzzy_hierarchy,0,0,No reason provided,39,18,24.985082626342773
2025-08-21T04:12:19.413981,Qwen_Qwen3-32B_Qwen_Qwen3-8B,boiled_green_bean_slices,experiment_2025-08-19_06-55-32_player0_Qwen_Qwen3-32B_player1_Qwen_Qwen3-8B_boiled_green_bean_slices.json,fuzzy_hierarchy,0,0,No reason provided,114,18,17.78186321258545
2025-08-21T04:12:54.385152,Qwen_Qwen3-32B_Qwen_Qwen3-8B,boiled_green_bean_slices,experiment_2025-08-19_08-05-02_player0_Qwen_Qwen3-32B_player1_Qwen_Qwen3-8B_boiled_green_bean_slices.json,fuzzy_hierarchy,0,0,No reason provided,115,18,32.96582818031311
2025-08-21T04:13:26.105275,Qwen_Qwen3-32B_Qwen_Qwen3-8B,boiled_green_bean_slices,experiment_2025-08-19_06-40-36_player0_Qwen_Qwen3-32B_player1_Qwen_Qwen3-8B_boiled_green_bean_slices.json,clear_hierarchy,1,0,No reason provided,131,18,29.714985132217407
2025-08-21T04:14:02.646479,Qwen_Qwen3-32B_Qwen_Qwen3-8B,boiled_green_bean_slices,experiment_2025-08-19_07-09-07_player0_Qwen_Qwen3-32B_player1_Qwen_Qwen3-8B_boiled_green_bean_slices.json,fuzzy_hierarchy,0,0,No reason provided,93,18,34.53601884841919
2025-08-21T04:14:28.029328,Qwen_Qwen3-32B_Qwen_Qwen3-8B,boiled_green_bean_slices,experiment_2025-08-19_07-45-17_player0_Qwen_Qwen3-32B_player1_Qwen_Qwen3-8B_boiled_green_bean_slices.json,fuzzy_hierarchy,0,0,No reason provided,127,18,23.3777916431427
2025-08-21T04:15:25.442662,Qwen_Qwen3-32B_Qwen_Qwen3-8B,boiled_green_bean_slices,experiment_2025-08-19_08-00-53_player0_Qwen_Qwen3-32B_player1_Qwen_Qwen3-8B_boiled_green_bean_slices.json,fuzzy_hierarchy,0,0,No reason provided,37,18,55.40770149230957
2025-08-21T04:15:47.626616,Qwen_Qwen3-32B_Qwen_Qwen3-8B,boiled_corn_slices,experiment_2025-08-19_05-43-28_player0_Qwen_Qwen3-32B_player1_Qwen_Qwen3-8B_boiled_corn_slices.json,fuzzy_hierarchy,0,0,No reason provided,88,18,20.17585849761963
2025-08-21T04:16:31.448230,Qwen_Qwen3-32B_Qwen_Qwen3-8B,boiled_corn_slices,experiment_2025-08-19_05-54-29_player0_Qwen_Qwen3-32B_player1_Qwen_Qwen3-8B_boiled_corn_slices.json,fuzzy_hierarchy,0,0,No reason provided,195,18,41.816569328308105
2025-08-21T04:17:08.397187,Qwen_Qwen3-32B_Qwen_Qwen3-8B,boiled_corn_slices,experiment_2025-08-19_04-52-18_player0_Qwen_Qwen3-32B_player1_Qwen_Qwen3-8B_boiled_corn_slices.json,clear_hierarchy,1,0,No reason provided,216,18,34.943485260009766
2025-08-21T04:17:45.519867,Qwen_Qwen3-32B_Qwen_Qwen3-8B,boiled_corn_slices,experiment_2025-08-19_06-20-41_player0_Qwen_Qwen3-32B_player1_Qwen_Qwen3-8B_boiled_corn_slices.json,fuzzy_hierarchy,0,0,No reason provided,22,18,35.117079973220825
2025-08-21T04:18:14.943413,Qwen_Qwen3-32B_Qwen_Qwen3-8B,boiled_corn_slices,experiment_2025-08-19_06-23-21_player0_Qwen_Qwen3-32B_player1_Qwen_Qwen3-8B_boiled_corn_slices.json,fuzzy_hierarchy,0,0,No reason provided,53,18,27.418182849884033
2025-08-21T04:18:44.836819,Qwen_Qwen3-32B_Qwen_Qwen3-8B,boiled_corn_slices,experiment_2025-08-19_06-18-43_player0_Qwen_Qwen3-32B_player1_Qwen_Qwen3-8B_boiled_corn_slices.json,fuzzy_hierarchy,0,0,No reason provided,16,16,27.88786005973816
2025-08-21T04:19:18.928509,Qwen_Qwen3-32B_Qwen_Qwen3-8B,boiled_corn_slices,experiment_2025-08-19_06-31-33_player0_Qwen_Qwen3-32B_player1_Qwen_Qwen3-8B_boiled_corn_slices.json,fuzzy_hierarchy,0,0,No reason provided,78,18,32.08632802963257
2025-08-21T04:20:05.339121,Qwen_Qwen3-32B_Qwen_Qwen3-8B,boiled_corn_slices,experiment_2025-08-19_05-24-55_player0_Qwen_Qwen3-32B_player1_Qwen_Qwen3-8B_boiled_corn_slices.json,fuzzy_hierarchy,0,0,No reason provided,158,18,44.40561628341675
2025-08-21T04:20:36.531447,Qwen_Qwen3-32B_Qwen_Qwen3-8B,boiled_corn_slices,experiment_2025-08-19_05-20-18_player0_Qwen_Qwen3-32B_player1_Qwen_Qwen3-8B_boiled_corn_slices.json,clear_hierarchy,1,0,No reason provided,35,18,29.186713933944702
2025-08-21T04:21:40.795353,Qwen_Qwen3-32B_Qwen_Qwen3-8B,boiled_corn_slices,experiment_2025-08-19_06-29-35_player0_Qwen_Qwen3-32B_player1_Qwen_Qwen3-8B_boiled_corn_slices.json,clear_hierarchy,1,0,No reason provided,16,16,62.258474588394165
2025-08-21T04:22:16.444150,Qwen_Qwen3-32B_Qwen_Qwen3-8B,boiled_potato_slices,experiment_2025-08-19_08-45-44_player0_Qwen_Qwen3-32B_player1_Qwen_Qwen3-8B_boiled_potato_slices.json,fuzzy_hierarchy,0,0,No reason provided,13,13,33.64124631881714
2025-08-21T04:22:51.673353,Qwen_Qwen3-32B_Qwen_Qwen3-8B,boiled_potato_slices,experiment_2025-08-19_08-47-27_player0_Qwen_Qwen3-32B_player1_Qwen_Qwen3-8B_boiled_potato_slices.json,fuzzy_hierarchy,0,0,No reason provided,110,18,33.22374081611633
2025-08-21T04:23:13.983451,Qwen_Qwen3-32B_Qwen_Qwen3-8B,boiled_potato_slices,experiment_2025-08-19_09-00-46_player0_Qwen_Qwen3-32B_player1_Qwen_Qwen3-8B_boiled_potato_slices.json,fuzzy_hierarchy,0,0,No reason provided,27,18,20.30510401725769
2025-08-21T04:23:40.799638,Qwen_Qwen3-32B_Qwen_Qwen3-8B,boiled_potato_slices,experiment_2025-08-19_09-03-54_player0_Qwen_Qwen3-32B_player1_Qwen_Qwen3-8B_boiled_potato_slices.json,fuzzy_hierarchy,0,0,No reason provided,168,18,24.810353755950928
2025-08-21T04:24:04.480300,Qwen_Qwen3-32B_Qwen_Qwen3-8B,boiled_potato_slices,experiment_2025-08-19_08-19-47_player0_Qwen_Qwen3-32B_player1_Qwen_Qwen3-8B_boiled_potato_slices.json,fuzzy_hierarchy,0,0,No reason provided,184,18,21.67482328414917
2025-08-21T04:24:47.136804,Qwen_Qwen3-32B_Qwen_Qwen3-8B,boiled_potato_slices,experiment_2025-08-19_09-51-42_player0_Qwen_Qwen3-32B_player1_Qwen_Qwen3-8B_boiled_potato_slices.json,fuzzy_hierarchy,0,0,No reason provided,24,18,40.651142597198486
2025-08-21T04:25:28.304163,Qwen_Qwen3-32B_Qwen_Qwen3-8B,boiled_potato_slices,experiment_2025-08-19_09-28-00_player0_Qwen_Qwen3-32B_player1_Qwen_Qwen3-8B_boiled_potato_slices.json,clear_hierarchy,1,0,No reason provided,123,18,39.16139364242554
2025-08-21T04:25:59.825632,Qwen_Qwen3-32B_Qwen_Qwen3-8B,boiled_potato_slices,experiment_2025-08-19_08-43-27_player0_Qwen_Qwen3-32B_player1_Qwen_Qwen3-8B_boiled_potato_slices.json,fuzzy_hierarchy,0,0,No reason provided,19,18,29.51626205444336
2025-08-21T04:26:26.618926,Qwen_Qwen3-32B_Qwen_Qwen3-8B,boiled_potato_slices,experiment_2025-08-19_09-44-05_player0_Qwen_Qwen3-32B_player1_Qwen_Qwen3-8B_boiled_potato_slices.json,fuzzy_hierarchy,0,0,No reason provided,56,18,24.787936210632324
2025-08-21T04:27:07.708466,Qwen_Qwen3-32B_Qwen_Qwen3-8B,boiled_potato_slices,experiment_2025-08-19_09-23-46_player0_Qwen_Qwen3-32B_player1_Qwen_Qwen3-8B_boiled_potato_slices.json,fuzzy_hierarchy,0,0,No reason provided,35,18,39.08448147773743
2025-08-21T04:27:36.867436,Qwen_Qwen3-8B_Qwen_Qwen3-8B,boiled_potato_slices,experiment_2025-08-19_11-40-20_player0_Qwen_Qwen3-8B_player1_Qwen_Qwen3-8B_boiled_potato_slices.json,fuzzy_hierarchy,0,0,No reason provided,35,18,27.149696588516235
2025-08-21T04:28:07.290093,Qwen_Qwen3-8B_Qwen_Qwen3-8B,boiled_potato_slices,experiment_2025-08-19_10-47-41_player0_Qwen_Qwen3-8B_player1_Qwen_Qwen3-8B_boiled_potato_slices.json,fuzzy_hierarchy,0,0,No reason provided,58,18,28.402961254119873
2025-08-21T04:28:38.667732,Qwen_Qwen3-8B_Qwen_Qwen3-8B,boiled_potato_slices,experiment_2025-08-19_11-30-27_player0_Qwen_Qwen3-8B_player1_Qwen_Qwen3-8B_boiled_potato_slices.json,fuzzy_hierarchy,0,0,No reason provided,37,18,29.372461557388306
2025-08-21T04:28:56.768728,Qwen_Qwen3-8B_Qwen_Qwen3-8B,boiled_potato_slices,experiment_2025-08-19_10-55-11_player0_Qwen_Qwen3-8B_player1_Qwen_Qwen3-8B_boiled_potato_slices.json,fuzzy_hierarchy,0,0,No reason provided,82,18,16.095178365707397
2025-08-21T04:29:33.366734,Qwen_Qwen3-8B_Qwen_Qwen3-8B,boiled_potato_slices,experiment_2025-08-19_11-03-35_player0_Qwen_Qwen3-8B_player1_Qwen_Qwen3-8B_boiled_potato_slices.json,clear_hierarchy,1,0,No reason provided,230,18,34.59255838394165
2025-08-21T04:30:11.156293,Qwen_Qwen3-8B_Qwen_Qwen3-8B,boiled_potato_slices,experiment_2025-08-19_11-25-09_player0_Qwen_Qwen3-8B_player1_Qwen_Qwen3-8B_boiled_potato_slices.json,fuzzy_hierarchy,0,0,No reason provided,55,18,35.783286809921265
2025-08-21T04:31:06.648027,Qwen_Qwen3-8B_Qwen_Qwen3-8B,boiled_potato_slices,experiment_2025-08-19_10-53-25_player0_Qwen_Qwen3-8B_player1_Qwen_Qwen3-8B_boiled_potato_slices.json,fuzzy_hierarchy,0,0,No reason provided,18,18,53.48591756820679
2025-08-21T04:31:30.630499,Qwen_Qwen3-8B_Qwen_Qwen3-8B,boiled_potato_slices,experiment_2025-08-19_11-44-02_player0_Qwen_Qwen3-8B_player1_Qwen_Qwen3-8B_boiled_potato_slices.json,fuzzy_hierarchy,0,0,No reason provided,73,18,21.976330995559692
2025-08-21T04:31:55.080622,Qwen_Qwen3-8B_Qwen_Qwen3-8B,boiled_potato_slices,experiment_2025-08-19_11-34-02_player0_Qwen_Qwen3-8B_player1_Qwen_Qwen3-8B_boiled_potato_slices.json,fuzzy_hierarchy,0,0,No reason provided,67,18,22.444918632507324
2025-08-21T04:33:03.236484,Qwen_Qwen3-8B_Qwen_Qwen3-8B,boiled_potato_slices,experiment_2025-08-19_11-51-21_player0_Qwen_Qwen3-8B_player1_Qwen_Qwen3-8B_boiled_potato_slices.json,fuzzy_hierarchy,0,0,No reason provided,39,18,66.15051579475403
2025-08-21T04:33:48.959423,Qwen_Qwen3-8B_Qwen_Qwen3-8B,baked_pumpkin_slices,experiment_2025-08-19_11-25-41_player0_Qwen_Qwen3-8B_player1_Qwen_Qwen3-8B_baked_pumpkin_slices.json,fuzzy_hierarchy,0,0,No reason provided,71,18,43.714810848236084
2025-08-21T04:35:04.324412,Qwen_Qwen3-8B_Qwen_Qwen3-8B,baked_pumpkin_slices,experiment_2025-08-19_11-04-42_player0_Qwen_Qwen3-8B_player1_Qwen_Qwen3-8B_baked_pumpkin_slices.json,fuzzy_hierarchy,0,0,No reason provided,100,18,73.35972619056702
2025-08-21T04:35:42.550847,Qwen_Qwen3-8B_Qwen_Qwen3-8B,baked_pumpkin_slices,experiment_2025-08-19_11-46-40_player0_Qwen_Qwen3-8B_player1_Qwen_Qwen3-8B_baked_pumpkin_slices.json,fuzzy_hierarchy,0,0,No reason provided,45,18,36.220221519470215
2025-08-21T04:36:13.574959,Qwen_Qwen3-8B_Qwen_Qwen3-8B,baked_pumpkin_slices,experiment_2025-08-19_10-51-32_player0_Qwen_Qwen3-8B_player1_Qwen_Qwen3-8B_baked_pumpkin_slices.json,clear_hierarchy,1,0,No reason provided,126,18,29.018563985824585
2025-08-21T04:37:04.964398,Qwen_Qwen3-8B_Qwen_Qwen3-8B,baked_pumpkin_slices,experiment_2025-08-19_10-41-28_player0_Qwen_Qwen3-8B_player1_Qwen_Qwen3-8B_baked_pumpkin_slices.json,fuzzy_hierarchy,0,0,No reason provided,101,18,49.38335609436035
2025-08-21T04:37:37.986608,Qwen_Qwen3-8B_Qwen_Qwen3-8B,baked_pumpkin_slices,experiment_2025-08-19_11-13-32_player0_Qwen_Qwen3-8B_player1_Qwen_Qwen3-8B_baked_pumpkin_slices.json,fuzzy_hierarchy,0,0,No reason provided,131,18,31.016591787338257
2025-08-21T04:38:16.784985,Qwen_Qwen3-8B_Qwen_Qwen3-8B,baked_pumpkin_slices,experiment_2025-08-19_11-41-13_player0_Qwen_Qwen3-8B_player1_Qwen_Qwen3-8B_baked_pumpkin_slices.json,fuzzy_hierarchy,0,0,No reason provided,55,18,36.79209804534912
2025-08-21T04:39:02.265636,Qwen_Qwen3-8B_Qwen_Qwen3-8B,baked_pumpkin_slices,experiment_2025-08-19_10-35-37_player0_Qwen_Qwen3-8B_player1_Qwen_Qwen3-8B_baked_pumpkin_slices.json,fuzzy_hierarchy,0,0,No reason provided,58,18,43.475388288497925
2025-08-21T04:39:16.616171,Qwen_Qwen3-8B_Qwen_Qwen3-8B,baked_pumpkin_slices,experiment_2025-08-19_11-32-13_player0_Qwen_Qwen3-8B_player1_Qwen_Qwen3-8B_baked_pumpkin_slices.json,fuzzy_hierarchy,0,0,No reason provided,6,6,12.345279932022095
2025-08-21T04:40:02.314532,Qwen_Qwen3-8B_Qwen_Qwen3-8B,baked_pumpkin_slices,experiment_2025-08-19_11-32-54_player0_Qwen_Qwen3-8B_player1_Qwen_Qwen3-8B_baked_pumpkin_slices.json,fuzzy_hierarchy,0,0,No reason provided,86,18,43.692113399505615
2025-08-21T04:40:44.838205,Qwen_Qwen3-8B_Qwen_Qwen3-8B,boiled_green_bean_slices,experiment_2025-08-19_13-19-23_player0_Qwen_Qwen3-8B_player1_Qwen_Qwen3-8B_boiled_green_bean_slices.json,clear_hierarchy,1,0,No reason provided,80,18,40.51584434509277
2025-08-21T04:41:09.559184,Qwen_Qwen3-8B_Qwen_Qwen3-8B,boiled_green_bean_slices,experiment_2025-08-19_14-33-31_player0_Qwen_Qwen3-8B_player1_Qwen_Qwen3-8B_boiled_green_bean_slices.json,fuzzy_hierarchy,0,0,No reason provided,244,18,22.71577739715576
2025-08-21T04:41:48.358835,Qwen_Qwen3-8B_Qwen_Qwen3-8B,boiled_green_bean_slices,experiment_2025-08-19_12-54-13_player0_Qwen_Qwen3-8B_player1_Qwen_Qwen3-8B_boiled_green_bean_slices.json,fuzzy_hierarchy,0,0,No reason provided,244,18,36.793456077575684
2025-08-21T04:42:13.326118,Qwen_Qwen3-8B_Qwen_Qwen3-8B,boiled_green_bean_slices,experiment_2025-08-19_13-27-30_player0_Qwen_Qwen3-8B_player1_Qwen_Qwen3-8B_boiled_green_bean_slices.json,fuzzy_hierarchy,0,0,No reason provided,63,18,22.959795475006104
2025-08-21T04:42:51.953301,Qwen_Qwen3-8B_Qwen_Qwen3-8B,boiled_green_bean_slices,experiment_2025-08-19_12-51-04_player0_Qwen_Qwen3-8B_player1_Qwen_Qwen3-8B_boiled_green_bean_slices.json,fuzzy_hierarchy,0,0,No reason provided,32,18,36.622143030166626
2025-08-21T04:43:16.180020,Qwen_Qwen3-8B_Qwen_Qwen3-8B,boiled_green_bean_slices,experiment_2025-08-19_13-26-23_player0_Qwen_Qwen3-8B_player1_Qwen_Qwen3-8B_boiled_green_bean_slices.json,no_hierarchy,0,0,No reason provided,11,11,22.221071243286133
2025-08-21T04:43:41.727105,Qwen_Qwen3-8B_Qwen_Qwen3-8B,boiled_green_bean_slices,experiment_2025-08-19_13-33-16_player0_Qwen_Qwen3-8B_player1_Qwen_Qwen3-8B_boiled_green_bean_slices.json,fuzzy_hierarchy,0,0,No reason provided,243,18,23.541435956954956
2025-08-21T04:44:24.016657,Qwen_Qwen3-8B_Qwen_Qwen3-8B,boiled_green_bean_slices,experiment_2025-08-19_13-17-14_player0_Qwen_Qwen3-8B_player1_Qwen_Qwen3-8B_boiled_green_bean_slices.json,fuzzy_hierarchy,0,0,No reason provided,24,18,40.284645080566406
2025-08-21T04:45:14.341449,Qwen_Qwen3-8B_Qwen_Qwen3-8B,boiled_green_bean_slices,experiment_2025-08-19_13-55-29_player0_Qwen_Qwen3-8B_player1_Qwen_Qwen3-8B_boiled_green_bean_slices.json,fuzzy_hierarchy,0,0,No reason provided,97,18,48.31989645957947
2025-08-21T04:45:48.859785,Qwen_Qwen3-8B_Qwen_Qwen3-8B,boiled_green_bean_slices,experiment_2025-08-19_14-04-18_player0_Qwen_Qwen3-8B_player1_Qwen_Qwen3-8B_boiled_green_bean_slices.json,no_hierarchy,0,0,No reason provided,308,18,32.51323080062866
2025-08-21T04:46:15.179402,Qwen_Qwen3-8B_Qwen_Qwen3-8B,boiled_corn_slices,experiment_2025-08-19_11-53-50_player0_Qwen_Qwen3-8B_player1_Qwen_Qwen3-8B_boiled_corn_slices.json,fuzzy_hierarchy,0,0,No reason provided,61,18,24.309140920639038
2025-08-21T04:46:47.360658,Qwen_Qwen3-8B_Qwen_Qwen3-8B,boiled_corn_slices,experiment_2025-08-19_12-36-05_player0_Qwen_Qwen3-8B_player1_Qwen_Qwen3-8B_boiled_corn_slices.json,fuzzy_hierarchy,0,0,No reason provided,29,18,30.17593479156494
2025-08-21T04:47:24.106434,Qwen_Qwen3-8B_Qwen_Qwen3-8B,boiled_corn_slices,experiment_2025-08-19_12-38-48_player0_Qwen_Qwen3-8B_player1_Qwen_Qwen3-8B_boiled_corn_slices.json,fuzzy_hierarchy,0,0,No reason provided,127,18,34.741029024124146
2025-08-21T04:48:01.643257,Qwen_Qwen3-8B_Qwen_Qwen3-8B,boiled_corn_slices,experiment_2025-08-19_12-06-23_player0_Qwen_Qwen3-8B_player1_Qwen_Qwen3-8B_boiled_corn_slices.json,fuzzy_hierarchy,0,0,No reason provided,250,18,35.53216505050659
2025-08-21T04:48:34.105325,Qwen_Qwen3-8B_Qwen_Qwen3-8B,boiled_corn_slices,experiment_2025-08-19_12-30-47_player0_Qwen_Qwen3-8B_player1_Qwen_Qwen3-8B_boiled_corn_slices.json,clear_hierarchy,1,0,No reason provided,29,18,30.45695185661316
2025-08-21T04:49:05.568422,Qwen_Qwen3-8B_Qwen_Qwen3-8B,boiled_corn_slices,experiment_2025-08-19_12-01-17_player0_Qwen_Qwen3-8B_player1_Qwen_Qwen3-8B_boiled_corn_slices.json,fuzzy_hierarchy,0,0,No reason provided,52,18,29.45772409439087
2025-08-21T04:49:34.678450,Qwen_Qwen3-8B_Qwen_Qwen3-8B,boiled_corn_slices,experiment_2025-08-19_12-33-36_player0_Qwen_Qwen3-8B_player1_Qwen_Qwen3-8B_boiled_corn_slices.json,fuzzy_hierarchy,0,0,No reason provided,25,18,27.10554552078247
2025-08-21T04:50:02.050840,Qwen_Qwen3-8B_Qwen_Qwen3-8B,boiled_corn_slices,experiment_2025-08-19_11-51-31_player0_Qwen_Qwen3-8B_player1_Qwen_Qwen3-8B_boiled_corn_slices.json,fuzzy_hierarchy,0,0,No reason provided,23,18,25.367498636245728
2025-08-21T04:50:20.412035,Qwen_Qwen3-8B_Qwen_Qwen3-8B,boiled_corn_slices,experiment_2025-08-19_11-50-59_player0_Qwen_Qwen3-8B_player1_Qwen_Qwen3-8B_boiled_corn_slices.json,no_hierarchy,0,0,No reason provided,4,4,16.356323719024658
2025-08-21T04:50:40.885795,Qwen_Qwen3-8B_Qwen_Qwen3-8B,boiled_corn_slices,experiment_2025-08-19_12-00-16_player0_Qwen_Qwen3-8B_player1_Qwen_Qwen3-8B_boiled_corn_slices.json,fuzzy_hierarchy,0,0,No reason provided,9,9,18.468549728393555
2025-08-21T04:51:14.888731,Qwen_Qwen3-8B_Qwen_Qwen3-14B,boiled_corn_slices,experiment_2025-08-19_12-51-28_player0_Qwen_Qwen3-8B_player1_Qwen_Qwen3-14B_boiled_corn_slices.json,fuzzy_hierarchy,0,0,No reason provided,111,18,31.99514627456665
2025-08-21T04:51:55.212063,Qwen_Qwen3-8B_Qwen_Qwen3-14B,boiled_corn_slices,experiment_2025-08-19_11-25-07_player0_Qwen_Qwen3-8B_player1_Qwen_Qwen3-14B_boiled_corn_slices.json,fuzzy_hierarchy,0,0,No reason provided,107,18,38.318819522857666
2025-08-21T04:52:54.269730,Qwen_Qwen3-8B_Qwen_Qwen3-14B,boiled_corn_slices,experiment_2025-08-19_13-23-15_player0_Qwen_Qwen3-8B_player1_Qwen_Qwen3-14B_boiled_corn_slices.json,fuzzy_hierarchy,0,0,No reason provided,256,18,57.0530731678009
2025-08-21T04:53:21.088687,Qwen_Qwen3-8B_Qwen_Qwen3-14B,boiled_corn_slices,experiment_2025-08-19_13-10-17_player0_Qwen_Qwen3-8B_player1_Qwen_Qwen3-14B_boiled_corn_slices.json,fuzzy_hierarchy,0,0,No reason provided,103,18,24.81437921524048
2025-08-21T04:53:58.314759,Qwen_Qwen3-8B_Qwen_Qwen3-14B,boiled_corn_slices,experiment_2025-08-19_11-38-46_player0_Qwen_Qwen3-8B_player1_Qwen_Qwen3-14B_boiled_corn_slices.json,fuzzy_hierarchy,0,0,No reason provided,45,18,35.22132229804993
2025-08-21T04:54:36.966251,Qwen_Qwen3-8B_Qwen_Qwen3-14B,boiled_corn_slices,experiment_2025-08-19_11-44-29_player0_Qwen_Qwen3-8B_player1_Qwen_Qwen3-14B_boiled_corn_slices.json,no_hierarchy,0,0,No reason provided,428,18,36.64693021774292
2025-08-21T04:55:26.121811,Qwen_Qwen3-8B_Qwen_Qwen3-14B,boiled_corn_slices,experiment_2025-08-19_14-04-04_player0_Qwen_Qwen3-8B_player1_Qwen_Qwen3-14B_boiled_corn_slices.json,clear_hierarchy,1,0,No reason provided,111,18,47.150134563446045
2025-08-21T04:56:05.819534,Qwen_Qwen3-8B_Qwen_Qwen3-14B,boiled_corn_slices,experiment_2025-08-19_13-54-56_player0_Qwen_Qwen3-8B_player1_Qwen_Qwen3-14B_boiled_corn_slices.json,fuzzy_hierarchy,0,0,No reason provided,69,18,37.693034410476685
2025-08-21T04:56:47.786891,Qwen_Qwen3-8B_Qwen_Qwen3-14B,boiled_corn_slices,experiment_2025-08-19_13-05-33_player0_Qwen_Qwen3-8B_player1_Qwen_Qwen3-14B_boiled_corn_slices.json,fuzzy_hierarchy,0,0,No reason provided,38,18,39.96225666999817
2025-08-21T04:57:14.943377,Qwen_Qwen3-8B_Qwen_Qwen3-14B,boiled_corn_slices,experiment_2025-08-19_12-36-16_player0_Qwen_Qwen3-8B_player1_Qwen_Qwen3-14B_boiled_corn_slices.json,fuzzy_hierarchy,0,0,No reason provided,126,18,25.151764154434204
2025-08-21T04:58:14.611070,Qwen_Qwen3-8B_Qwen_Qwen3-14B,boiled_potato_slices,experiment_2025-08-19_09-26-18_player0_Qwen_Qwen3-8B_player1_Qwen_Qwen3-14B_boiled_potato_slices.json,clear_hierarchy,1,0,No reason provided,72,18,57.66090679168701
2025-08-21T04:58:48.641958,Qwen_Qwen3-8B_Qwen_Qwen3-14B,boiled_potato_slices,experiment_2025-08-19_09-48-59_player0_Qwen_Qwen3-8B_player1_Qwen_Qwen3-14B_boiled_potato_slices.json,fuzzy_hierarchy,0,0,No reason provided,188,18,32.02535700798035
2025-08-21T04:59:18.306124,Qwen_Qwen3-8B_Qwen_Qwen3-14B,boiled_potato_slices,experiment_2025-08-19_10-11-16_player0_Qwen_Qwen3-8B_player1_Qwen_Qwen3-14B_boiled_potato_slices.json,fuzzy_hierarchy,0,0,No reason provided,85,18,27.659528732299805
2025-08-21T04:59:47.097528,Qwen_Qwen3-8B_Qwen_Qwen3-14B,boiled_potato_slices,experiment_2025-08-19_09-24-58_player0_Qwen_Qwen3-8B_player1_Qwen_Qwen3-14B_boiled_potato_slices.json,fuzzy_hierarchy,0,0,No reason provided,9,9,26.786657571792603
2025-08-21T05:00:26.579333,Qwen_Qwen3-8B_Qwen_Qwen3-14B,boiled_potato_slices,experiment_2025-08-19_10-47-29_player0_Qwen_Qwen3-8B_player1_Qwen_Qwen3-14B_boiled_potato_slices.json,fuzzy_hierarchy,0,0,No reason provided,157,18,37.476579904556274
2025-08-21T05:01:27.449606,Qwen_Qwen3-8B_Qwen_Qwen3-14B,boiled_potato_slices,experiment_2025-08-19_10-25-35_player0_Qwen_Qwen3-8B_player1_Qwen_Qwen3-14B_boiled_potato_slices.json,clear_hierarchy,1,0,No reason provided,76,18,58.866002559661865
2025-08-21T05:02:07.277349,Qwen_Qwen3-8B_Qwen_Qwen3-14B,boiled_potato_slices,experiment_2025-08-19_10-22-36_player0_Qwen_Qwen3-8B_player1_Qwen_Qwen3-14B_boiled_potato_slices.json,fuzzy_hierarchy,0,0,No reason provided,22,18,37.82302784919739
2025-08-21T05:02:50.363472,Qwen_Qwen3-8B_Qwen_Qwen3-14B,boiled_potato_slices,experiment_2025-08-19_09-40-35_player0_Qwen_Qwen3-8B_player1_Qwen_Qwen3-14B_boiled_potato_slices.json,fuzzy_hierarchy,0,0,No reason provided,62,18,41.082066774368286
2025-08-21T05:03:19.986635,Qwen_Qwen3-8B_Qwen_Qwen3-14B,boiled_potato_slices,experiment_2025-08-19_09-36-02_player0_Qwen_Qwen3-8B_player1_Qwen_Qwen3-14B_boiled_potato_slices.json,fuzzy_hierarchy,0,0,No reason provided,35,18,27.61748433113098
2025-08-21T05:03:52.880192,Qwen_Qwen3-8B_Qwen_Qwen3-14B,boiled_potato_slices,experiment_2025-08-19_10-35-14_player0_Qwen_Qwen3-8B_player1_Qwen_Qwen3-14B_boiled_potato_slices.json,fuzzy_hierarchy,0,0,No reason provided,92,18,30.888844966888428
2025-08-21T05:04:32.002434,Qwen_Qwen3-8B_Qwen_Qwen3-14B,boiled_green_bean_slices,experiment_2025-08-19_14-26-10_player0_Qwen_Qwen3-8B_player1_Qwen_Qwen3-14B_boiled_green_bean_slices.json,fuzzy_hierarchy,0,0,No reason provided,318,18,37.11589527130127
2025-08-21T05:05:00.931193,Qwen_Qwen3-8B_Qwen_Qwen3-14B,boiled_green_bean_slices,experiment_2025-08-19_15-52-44_player0_Qwen_Qwen3-8B_player1_Qwen_Qwen3-14B_boiled_green_bean_slices.json,fuzzy_hierarchy,0,0,No reason provided,65,18,26.92375683784485
2025-08-21T05:05:47.047312,Qwen_Qwen3-8B_Qwen_Qwen3-14B,boiled_green_bean_slices,experiment_2025-08-19_15-25-06_player0_Qwen_Qwen3-8B_player1_Qwen_Qwen3-14B_boiled_green_bean_slices.json,fuzzy_hierarchy,0,0,No reason provided,60,18,44.11179208755493
2025-08-21T05:06:19.650028,Qwen_Qwen3-8B_Qwen_Qwen3-14B,boiled_green_bean_slices,experiment_2025-08-19_15-59-58_player0_Qwen_Qwen3-8B_player1_Qwen_Qwen3-14B_boiled_green_bean_slices.json,fuzzy_hierarchy,0,0,No reason provided,47,18,30.59765100479126
2025-08-21T05:07:16.912871,Qwen_Qwen3-8B_Qwen_Qwen3-14B,boiled_green_bean_slices,experiment_2025-08-19_15-31-49_player0_Qwen_Qwen3-8B_player1_Qwen_Qwen3-14B_boiled_green_bean_slices.json,clear_hierarchy,1,0,No reason provided,180,18,55.25788855552673
2025-08-21T05:07:48.429385,Qwen_Qwen3-8B_Qwen_Qwen3-14B,boiled_green_bean_slices,experiment_2025-08-19_14-20-21_player0_Qwen_Qwen3-8B_player1_Qwen_Qwen3-14B_boiled_green_bean_slices.json,fuzzy_hierarchy,0,0,No reason provided,50,18,29.511430501937866
2025-08-21T05:08:17.181999,Qwen_Qwen3-8B_Qwen_Qwen3-14B,boiled_green_bean_slices,experiment_2025-08-19_15-02-13_player0_Qwen_Qwen3-8B_player1_Qwen_Qwen3-14B_boiled_green_bean_slices.json,fuzzy_hierarchy,0,0,No reason provided,144,18,26.74805784225464
2025-08-21T05:08:50.861342,Qwen_Qwen3-8B_Qwen_Qwen3-14B,boiled_green_bean_slices,experiment_2025-08-19_15-21-49_player0_Qwen_Qwen3-8B_player1_Qwen_Qwen3-14B_boiled_green_bean_slices.json,fuzzy_hierarchy,0,0,No reason provided,34,18,31.674126148223877
2025-08-21T05:09:26.124312,Qwen_Qwen3-8B_Qwen_Qwen3-14B,boiled_green_bean_slices,experiment_2025-08-19_14-16-26_player0_Qwen_Qwen3-8B_player1_Qwen_Qwen3-14B_boiled_green_bean_slices.json,fuzzy_hierarchy,0,0,No reason provided,30,18,33.257890939712524
2025-08-21T05:10:09.999779,Qwen_Qwen3-8B_Qwen_Qwen3-14B,boiled_green_bean_slices,experiment_2025-08-19_15-18-19_player0_Qwen_Qwen3-8B_player1_Qwen_Qwen3-14B_boiled_green_bean_slices.json,fuzzy_hierarchy,0,0,No reason provided,35,18,41.87041115760803
2025-08-21T05:10:55.020349,Qwen_Qwen3-8B_Qwen_Qwen3-14B,baked_pumpkin_slices,experiment_2025-08-19_08-51-20_player0_Qwen_Qwen3-8B_player1_Qwen_Qwen3-14B_baked_pumpkin_slices.json,fuzzy_hierarchy,0,0,No reason provided,236,18,43.013347148895264
2025-08-21T05:11:30.047442,Qwen_Qwen3-8B_Qwen_Qwen3-14B,baked_pumpkin_slices,experiment_2025-08-19_09-53-45_player0_Qwen_Qwen3-8B_player1_Qwen_Qwen3-14B_baked_pumpkin_slices.json,fuzzy_hierarchy,0,0,No reason provided,82,18,33.02237367630005
2025-08-21T05:12:03.001546,Qwen_Qwen3-8B_Qwen_Qwen3-14B,baked_pumpkin_slices,experiment_2025-08-19_09-32-59_player0_Qwen_Qwen3-8B_player1_Qwen_Qwen3-14B_baked_pumpkin_slices.json,fuzzy_hierarchy,0,0,No reason provided,50,18,30.949137926101685
2025-08-21T05:12:39.252753,Qwen_Qwen3-8B_Qwen_Qwen3-14B,baked_pumpkin_slices,experiment_2025-08-19_10-42-07_player0_Qwen_Qwen3-8B_player1_Qwen_Qwen3-14B_baked_pumpkin_slices.json,fuzzy_hierarchy,0,0,No reason provided,313,18,34.24612307548523
2025-08-21T05:13:11.814690,Qwen_Qwen3-8B_Qwen_Qwen3-14B,baked_pumpkin_slices,experiment_2025-08-19_10-04-13_player0_Qwen_Qwen3-8B_player1_Qwen_Qwen3-14B_baked_pumpkin_slices.json,fuzzy_hierarchy,0,0,No reason provided,107,18,30.556814193725586
2025-08-21T05:13:49.405256,Qwen_Qwen3-8B_Qwen_Qwen3-14B,baked_pumpkin_slices,experiment_2025-08-19_10-18-21_player0_Qwen_Qwen3-8B_player1_Qwen_Qwen3-14B_baked_pumpkin_slices.json,fuzzy_hierarchy,0,0,No reason provided,179,18,35.58566904067993
2025-08-21T05:14:10.749102,Qwen_Qwen3-8B_Qwen_Qwen3-14B,baked_pumpkin_slices,experiment_2025-08-19_09-39-28_player0_Qwen_Qwen3-8B_player1_Qwen_Qwen3-14B_baked_pumpkin_slices.json,fuzzy_hierarchy,0,0,No reason provided,114,18,19.338123083114624
2025-08-21T05:14:45.017591,Qwen_Qwen3-8B_Qwen_Qwen3-14B,baked_pumpkin_slices,experiment_2025-08-19_09-26-58_player0_Qwen_Qwen3-8B_player1_Qwen_Qwen3-14B_baked_pumpkin_slices.json,fuzzy_hierarchy,0,0,No reason provided,40,18,32.26355528831482
2025-08-21T05:15:10.806115,Qwen_Qwen3-8B_Qwen_Qwen3-14B,baked_pumpkin_slices,experiment_2025-08-19_11-18-50_player0_Qwen_Qwen3-8B_player1_Qwen_Qwen3-14B_baked_pumpkin_slices.json,fuzzy_hierarchy,0,0,No reason provided,50,18,23.783217191696167
2025-08-21T05:16:00.356751,Qwen_Qwen3-8B_Qwen_Qwen3-14B,baked_pumpkin_slices,experiment_2025-08-19_09-18-08_player0_Qwen_Qwen3-8B_player1_Qwen_Qwen3-14B_baked_pumpkin_slices.json,fuzzy_hierarchy,0,0,No reason provided,70,18,47.545676946640015
2025-08-21T05:16:37.557088,Qwen_Qwen3-14B_Qwen_Qwen3-1.7B,boiled_green_bean_slices,experiment_2025-08-19_12-26-48_player0_Qwen_Qwen3-14B_player1_Qwen_Qwen3-1.7B_boiled_green_bean_slices.json,fuzzy_hierarchy,0,0,No reason provided,273,18,35.19305872917175
2025-08-21T05:17:10.603809,Qwen_Qwen3-14B_Qwen_Qwen3-1.7B,boiled_green_bean_slices,experiment_2025-08-19_12-00-29_player0_Qwen_Qwen3-14B_player1_Qwen_Qwen3-1.7B_boiled_green_bean_slices.json,fuzzy_hierarchy,0,0,No reason provided,14,14,31.04178285598755
2025-08-21T05:17:46.554813,Qwen_Qwen3-14B_Qwen_Qwen3-1.7B,boiled_green_bean_slices,experiment_2025-08-19_12-02-22_player0_Qwen_Qwen3-14B_player1_Qwen_Qwen3-1.7B_boiled_green_bean_slices.json,fuzzy_hierarchy,0,0,No reason provided,259,18,33.946038007736206
2025-08-21T05:18:19.812243,Qwen_Qwen3-14B_Qwen_Qwen3-1.7B,boiled_green_bean_slices,experiment_2025-08-19_12-51-07_player0_Qwen_Qwen3-14B_player1_Qwen_Qwen3-1.7B_boiled_green_bean_slices.json,fuzzy_hierarchy,0,0,No reason provided,190,18,31.25225567817688
2025-08-21T05:18:50.762083,Qwen_Qwen3-14B_Qwen_Qwen3-1.7B,boiled_green_bean_slices,experiment_2025-08-19_10-55-31_player0_Qwen_Qwen3-14B_player1_Qwen_Qwen3-1.7B_boiled_green_bean_slices.json,fuzzy_hierarchy,0,0,No reason provided,468,18,28.945106267929077
2025-08-21T05:19:20.461575,Qwen_Qwen3-14B_Qwen_Qwen3-1.7B,boiled_green_bean_slices,experiment_2025-08-19_12-50-03_player0_Qwen_Qwen3-14B_player1_Qwen_Qwen3-1.7B_boiled_green_bean_slices.json,fuzzy_hierarchy,0,0,No reason provided,8,8,27.694065809249878
2025-08-21T05:20:08.588006,Qwen_Qwen3-14B_Qwen_Qwen3-1.7B,boiled_green_bean_slices,experiment_2025-08-19_10-14-12_player0_Qwen_Qwen3-14B_player1_Qwen_Qwen3-1.7B_boiled_green_bean_slices.json,fuzzy_hierarchy,0,0,No reason provided,376,18,46.121519804000854
2025-08-21T05:20:42.429673,Qwen_Qwen3-14B_Qwen_Qwen3-1.7B,boiled_green_bean_slices,experiment_2025-08-19_11-41-29_player0_Qwen_Qwen3-14B_player1_Qwen_Qwen3-1.7B_boiled_green_bean_slices.json,fuzzy_hierarchy,0,0,No reason provided,206,18,31.83594274520874
2025-08-21T05:21:10.946259,Qwen_Qwen3-14B_Qwen_Qwen3-1.7B,boiled_green_bean_slices,experiment_2025-08-19_13-08-48_player0_Qwen_Qwen3-14B_player1_Qwen_Qwen3-1.7B_boiled_green_bean_slices.json,fuzzy_hierarchy,0,0,No reason provided,562,18,26.51161503791809
2025-08-21T05:21:28.810958,Qwen_Qwen3-14B_Qwen_Qwen3-1.7B,boiled_green_bean_slices,experiment_2025-08-19_10-13-24_player0_Qwen_Qwen3-14B_player1_Qwen_Qwen3-1.7B_boiled_green_bean_slices.json,fuzzy_hierarchy,0,0,No reason provided,6,6,15.859187841415405
2025-08-21T05:22:08.387394,Qwen_Qwen3-14B_Qwen_Qwen3-1.7B,baked_pumpkin_slices,experiment_2025-08-19_12-59-24_player0_Qwen_Qwen3-14B_player1_Qwen_Qwen3-1.7B_baked_pumpkin_slices.json,fuzzy_hierarchy,0,0,No reason provided,607,18,37.56922101974487
2025-08-21T05:22:45.321095,Qwen_Qwen3-14B_Qwen_Qwen3-1.7B,baked_pumpkin_slices,experiment_2025-08-19_13-46-33_player0_Qwen_Qwen3-14B_player1_Qwen_Qwen3-1.7B_baked_pumpkin_slices.json,fuzzy_hierarchy,0,0,No reason provided,530,18,34.9281485080719
2025-08-21T05:23:25.525328,Qwen_Qwen3-14B_Qwen_Qwen3-1.7B,baked_pumpkin_slices,experiment_2025-08-19_12-57-57_player0_Qwen_Qwen3-14B_player1_Qwen_Qwen3-1.7B_baked_pumpkin_slices.json,fuzzy_hierarchy,0,0,No reason provided,12,12,38.19877648353577
2025-08-21T05:24:22.082264,Qwen_Qwen3-14B_Qwen_Qwen3-1.7B,baked_pumpkin_slices,experiment_2025-08-19_10-01-45_player0_Qwen_Qwen3-14B_player1_Qwen_Qwen3-1.7B_baked_pumpkin_slices.json,fuzzy_hierarchy,0,0,No reason provided,610,18,54.55169415473938
2025-08-21T05:25:00.833151,Qwen_Qwen3-14B_Qwen_Qwen3-1.7B,baked_pumpkin_slices,experiment_2025-08-19_14-28-21_player0_Qwen_Qwen3-14B_player1_Qwen_Qwen3-1.7B_baked_pumpkin_slices.json,fuzzy_hierarchy,0,0,No reason provided,460,18,36.745521545410156
2025-08-21T05:25:39.315354,Qwen_Qwen3-14B_Qwen_Qwen3-1.7B,baked_pumpkin_slices,experiment_2025-08-19_12-02-53_player0_Qwen_Qwen3-14B_player1_Qwen_Qwen3-1.7B_baked_pumpkin_slices.json,fuzzy_hierarchy,0,0,No reason provided,8,8,36.47678279876709
2025-08-21T05:26:19.127386,Qwen_Qwen3-14B_Qwen_Qwen3-1.7B,baked_pumpkin_slices,experiment_2025-08-19_10-59-53_player0_Qwen_Qwen3-14B_player1_Qwen_Qwen3-1.7B_baked_pumpkin_slices.json,fuzzy_hierarchy,0,0,No reason provided,68,18,37.807066202163696
2025-08-21T05:26:57.547373,Qwen_Qwen3-14B_Qwen_Qwen3-1.7B,baked_pumpkin_slices,experiment_2025-08-19_11-07-21_player0_Qwen_Qwen3-14B_player1_Qwen_Qwen3-1.7B_baked_pumpkin_slices.json,fuzzy_hierarchy,0,0,No reason provided,643,18,36.41496276855469
2025-08-21T05:27:22.574029,Qwen_Qwen3-14B_Qwen_Qwen3-1.7B,baked_pumpkin_slices,experiment_2025-08-19_12-03-51_player0_Qwen_Qwen3-14B_player1_Qwen_Qwen3-1.7B_baked_pumpkin_slices.json,fuzzy_hierarchy,0,0,No reason provided,646,18,23.021050691604614
2025-08-21T05:27:53.698830,Qwen_Qwen3-14B_Qwen_Qwen3-1.7B,baked_pumpkin_slices,experiment_2025-08-19_15-03-58_player0_Qwen_Qwen3-14B_player1_Qwen_Qwen3-1.7B_baked_pumpkin_slices.json,fuzzy_hierarchy,0,0,No reason provided,8,8,29.1192467212677
2025-08-21T05:28:29.789001,Qwen_Qwen3-14B_Qwen_Qwen3-1.7B,boiled_potato_slices,experiment_2025-08-19_18-00-01_player0_Qwen_Qwen3-14B_player1_Qwen_Qwen3-1.7B_boiled_potato_slices.json,fuzzy_hierarchy,0,0,No reason provided,561,18,34.08317017555237
2025-08-21T05:29:17.354365,Qwen_Qwen3-14B_Qwen_Qwen3-1.7B,boiled_potato_slices,experiment_2025-08-19_13-56-22_player0_Qwen_Qwen3-14B_player1_Qwen_Qwen3-1.7B_boiled_potato_slices.json,fuzzy_hierarchy,0,0,No reason provided,547,18,45.559881925582886
2025-08-21T05:29:52.559527,Qwen_Qwen3-14B_Qwen_Qwen3-1.7B,boiled_potato_slices,experiment_2025-08-19_15-05-24_player0_Qwen_Qwen3-14B_player1_Qwen_Qwen3-1.7B_boiled_potato_slices.json,fuzzy_hierarchy,0,0,No reason provided,558,18,33.19947338104248
2025-08-21T05:30:21.712134,Qwen_Qwen3-14B_Qwen_Qwen3-1.7B,boiled_potato_slices,experiment_2025-08-19_16-24-03_player0_Qwen_Qwen3-14B_player1_Qwen_Qwen3-1.7B_boiled_potato_slices.json,fuzzy_hierarchy,0,0,No reason provided,304,18,27.14735746383667
2025-08-21T05:30:45.259124,Qwen_Qwen3-14B_Qwen_Qwen3-1.7B,boiled_potato_slices,experiment_2025-08-19_14-39-52_player0_Qwen_Qwen3-14B_player1_Qwen_Qwen3-1.7B_boiled_potato_slices.json,fuzzy_hierarchy,0,0,No reason provided,267,18,21.541882514953613
2025-08-21T05:31:15.420322,Qwen_Qwen3-14B_Qwen_Qwen3-1.7B,boiled_potato_slices,experiment_2025-08-19_17-46-08_player0_Qwen_Qwen3-14B_player1_Qwen_Qwen3-1.7B_boiled_potato_slices.json,fuzzy_hierarchy,0,0,No reason provided,292,18,28.155940055847168
2025-08-21T05:31:40.507727,Qwen_Qwen3-14B_Qwen_Qwen3-1.7B,boiled_potato_slices,experiment_2025-08-19_15-04-32_player0_Qwen_Qwen3-14B_player1_Qwen_Qwen3-1.7B_boiled_potato_slices.json,fuzzy_hierarchy,0,0,No reason provided,9,9,23.082154273986816
2025-08-21T05:32:19.695835,Qwen_Qwen3-14B_Qwen_Qwen3-1.7B,boiled_potato_slices,experiment_2025-08-19_16-46-59_player0_Qwen_Qwen3-14B_player1_Qwen_Qwen3-1.7B_boiled_potato_slices.json,clear_hierarchy,1,0,No reason provided,465,18,37.183263063430786
2025-08-21T05:33:10.262073,Qwen_Qwen3-14B_Qwen_Qwen3-1.7B,boiled_potato_slices,experiment_2025-08-19_15-47-25_player0_Qwen_Qwen3-14B_player1_Qwen_Qwen3-1.7B_boiled_potato_slices.json,fuzzy_hierarchy,0,0,No reason provided,459,18,48.56119132041931
2025-08-21T05:33:45.730672,Qwen_Qwen3-14B_Qwen_Qwen3-1.7B,boiled_potato_slices,experiment_2025-08-19_17-22-25_player0_Qwen_Qwen3-14B_player1_Qwen_Qwen3-1.7B_boiled_potato_slices.json,fuzzy_hierarchy,0,0,No reason provided,337,18,33.463279724121094
2025-08-21T05:34:18.139781,Qwen_Qwen3-14B_Qwen_Qwen3-1.7B,boiled_corn_slices,experiment_2025-08-19_08-02-53_player0_Qwen_Qwen3-14B_player1_Qwen_Qwen3-1.7B_boiled_corn_slices.json,fuzzy_hierarchy,0,0,No reason provided,11,11,30.401391983032227
2025-08-21T05:34:57.318181,Qwen_Qwen3-14B_Qwen_Qwen3-1.7B,boiled_corn_slices,experiment_2025-08-19_07-13-49_player0_Qwen_Qwen3-14B_player1_Qwen_Qwen3-1.7B_boiled_corn_slices.json,fuzzy_hierarchy,0,0,No reason provided,564,18,37.17354917526245
2025-08-21T05:35:31.336518,Qwen_Qwen3-14B_Qwen_Qwen3-1.7B,boiled_corn_slices,experiment_2025-08-19_06-23-49_player0_Qwen_Qwen3-14B_player1_Qwen_Qwen3-1.7B_boiled_corn_slices.json,fuzzy_hierarchy,0,0,No reason provided,6,6,32.01302123069763
2025-08-21T05:36:09.531022,Qwen_Qwen3-14B_Qwen_Qwen3-1.7B,boiled_corn_slices,experiment_2025-08-19_08-45-15_player0_Qwen_Qwen3-14B_player1_Qwen_Qwen3-1.7B_boiled_corn_slices.json,fuzzy_hierarchy,0,0,No reason provided,101,18,36.18954062461853
2025-08-21T05:36:51.994886,Qwen_Qwen3-14B_Qwen_Qwen3-1.7B,boiled_corn_slices,experiment_2025-08-19_09-32-11_player0_Qwen_Qwen3-14B_player1_Qwen_Qwen3-1.7B_boiled_corn_slices.json,fuzzy_hierarchy,0,0,No reason provided,431,18,40.45896244049072
2025-08-21T05:37:35.935641,Qwen_Qwen3-14B_Qwen_Qwen3-1.7B,boiled_corn_slices,experiment_2025-08-19_04-52-18_player0_Qwen_Qwen3-14B_player1_Qwen_Qwen3-1.7B_boiled_corn_slices.json,fuzzy_hierarchy,0,0,No reason provided,556,18,41.935261487960815
2025-08-21T05:38:27.009506,Qwen_Qwen3-14B_Qwen_Qwen3-1.7B,boiled_corn_slices,experiment_2025-08-19_08-04-16_player0_Qwen_Qwen3-14B_player1_Qwen_Qwen3-1.7B_boiled_corn_slices.json,fuzzy_hierarchy,0,0,No reason provided,341,18,49.06838297843933
2025-08-21T05:38:51.103088,Qwen_Qwen3-14B_Qwen_Qwen3-1.7B,boiled_corn_slices,experiment_2025-08-19_05-41-52_player0_Qwen_Qwen3-14B_player1_Qwen_Qwen3-1.7B_boiled_corn_slices.json,fuzzy_hierarchy,0,0,No reason provided,461,18,22.088288068771362
2025-08-21T05:39:25.124504,Qwen_Qwen3-14B_Qwen_Qwen3-1.7B,boiled_corn_slices,experiment_2025-08-19_06-24-52_player0_Qwen_Qwen3-14B_player1_Qwen_Qwen3-1.7B_boiled_corn_slices.json,fuzzy_hierarchy,0,0,No reason provided,517,18,32.015931367874146
2025-08-21T05:40:00.122222,Qwen_Qwen3-14B_Qwen_Qwen3-1.7B,boiled_corn_slices,experiment_2025-08-19_08-55-21_player0_Qwen_Qwen3-14B_player1_Qwen_Qwen3-1.7B_boiled_corn_slices.json,fuzzy_hierarchy,0,0,No reason provided,321,18,32.992454290390015
2025-08-21T05:40:31.215276,Qwen_Qwen3-32B_Qwen_Qwen3-4B,boiled_green_bean_slices,experiment_2025-08-19_05-21-33_player0_Qwen_Qwen3-32B_player1_Qwen_Qwen3-4B_boiled_green_bean_slices.json,fuzzy_hierarchy,0,0,No reason provided,211,18,29.084388494491577
2025-08-21T05:41:02.777604,Qwen_Qwen3-32B_Qwen_Qwen3-4B,boiled_green_bean_slices,experiment_2025-08-19_06-39-05_player0_Qwen_Qwen3-32B_player1_Qwen_Qwen3-4B_boiled_green_bean_slices.json,clear_hierarchy,1,0,No reason provided,11,11,29.557136297225952
2025-08-21T05:41:29.472893,Qwen_Qwen3-32B_Qwen_Qwen3-4B,boiled_green_bean_slices,experiment_2025-08-19_05-04-34_player0_Qwen_Qwen3-32B_player1_Qwen_Qwen3-4B_boiled_green_bean_slices.json,fuzzy_hierarchy,0,0,No reason provided,39,18,24.69025993347168
2025-08-21T05:42:07.772202,Qwen_Qwen3-32B_Qwen_Qwen3-4B,boiled_green_bean_slices,experiment_2025-08-19_06-38-23_player0_Qwen_Qwen3-32B_player1_Qwen_Qwen3-4B_boiled_green_bean_slices.json,fuzzy_hierarchy,0,0,No reason provided,4,4,36.294254302978516
2025-08-21T05:42:35.269597,Qwen_Qwen3-32B_Qwen_Qwen3-4B,boiled_green_bean_slices,experiment_2025-08-19_06-22-42_player0_Qwen_Qwen3-32B_player1_Qwen_Qwen3-4B_boiled_green_bean_slices.json,fuzzy_hierarchy,0,0,No reason provided,83,18,25.49251413345337
2025-08-21T05:43:22.103511,Qwen_Qwen3-32B_Qwen_Qwen3-4B,boiled_green_bean_slices,experiment_2025-08-19_05-47-16_player0_Qwen_Qwen3-32B_player1_Qwen_Qwen3-4B_boiled_green_bean_slices.json,fuzzy_hierarchy,0,0,No reason provided,330,18,44.82880401611328
2025-08-21T05:43:58.076181,Qwen_Qwen3-32B_Qwen_Qwen3-4B,boiled_green_bean_slices,experiment_2025-08-19_06-31-42_player0_Qwen_Qwen3-32B_player1_Qwen_Qwen3-4B_boiled_green_bean_slices.json,fuzzy_hierarchy,0,0,No reason provided,68,18,33.96740102767944
2025-08-21T05:44:53.211619,Qwen_Qwen3-32B_Qwen_Qwen3-4B,boiled_green_bean_slices,experiment_2025-08-19_05-09-06_player0_Qwen_Qwen3-32B_player1_Qwen_Qwen3-4B_boiled_green_bean_slices.json,fuzzy_hierarchy,0,0,No reason provided,110,18,53.130393743515015
2025-08-21T05:45:32.170502,Qwen_Qwen3-32B_Qwen_Qwen3-4B,boiled_green_bean_slices,experiment_2025-08-19_04-52-18_player0_Qwen_Qwen3-32B_player1_Qwen_Qwen3-4B_boiled_green_bean_slices.json,fuzzy_hierarchy,0,0,No reason provided,54,18,36.953861713409424
2025-08-21T05:45:56.407843,Qwen_Qwen3-32B_Qwen_Qwen3-4B,boiled_green_bean_slices,experiment_2025-08-19_04-57-48_player0_Qwen_Qwen3-32B_player1_Qwen_Qwen3-4B_boiled_green_bean_slices.json,fuzzy_hierarchy,0,0,No reason provided,61,18,22.232296228408813
2025-08-21T05:46:23.497330,Qwen_Qwen3-32B_Qwen_Qwen3-4B,boiled_potato_slices,experiment_2025-08-19_07-19-48_player0_Qwen_Qwen3-32B_player1_Qwen_Qwen3-4B_boiled_potato_slices.json,fuzzy_hierarchy,0,0,No reason provided,139,18,25.082345962524414
2025-08-21T05:46:46.147303,Qwen_Qwen3-32B_Qwen_Qwen3-4B,boiled_potato_slices,experiment_2025-08-19_08-04-16_player0_Qwen_Qwen3-32B_player1_Qwen_Qwen3-4B_boiled_potato_slices.json,clear_hierarchy,1,0,No reason provided,8,8,20.64525842666626
2025-08-21T05:47:12.783649,Qwen_Qwen3-32B_Qwen_Qwen3-4B,boiled_potato_slices,experiment_2025-08-19_06-40-26_player0_Qwen_Qwen3-32B_player1_Qwen_Qwen3-4B_boiled_potato_slices.json,fuzzy_hierarchy,0,0,No reason provided,7,7,24.63096857070923
2025-08-21T05:47:42.288492,Qwen_Qwen3-32B_Qwen_Qwen3-4B,boiled_potato_slices,experiment_2025-08-19_07-36-13_player0_Qwen_Qwen3-32B_player1_Qwen_Qwen3-4B_boiled_potato_slices.json,fuzzy_hierarchy,0,0,No reason provided,91,18,27.499873161315918
2025-08-21T05:48:41.545098,Qwen_Qwen3-32B_Qwen_Qwen3-4B,boiled_potato_slices,experiment_2025-08-19_07-46-29_player0_Qwen_Qwen3-32B_player1_Qwen_Qwen3-4B_boiled_potato_slices.json,fuzzy_hierarchy,0,0,No reason provided,148,18,57.25208020210266
2025-08-21T05:49:18.147706,Qwen_Qwen3-32B_Qwen_Qwen3-4B,boiled_potato_slices,experiment_2025-08-19_08-11-49_player0_Qwen_Qwen3-32B_player1_Qwen_Qwen3-4B_boiled_potato_slices.json,fuzzy_hierarchy,0,0,No reason provided,73,18,34.59796595573425
2025-08-21T05:49:50.343816,Qwen_Qwen3-32B_Qwen_Qwen3-4B,boiled_potato_slices,experiment_2025-08-19_07-09-07_player0_Qwen_Qwen3-32B_player1_Qwen_Qwen3-4B_boiled_potato_slices.json,fuzzy_hierarchy,0,0,No reason provided,103,18,30.191511631011963
2025-08-21T05:50:29.408969,Qwen_Qwen3-32B_Qwen_Qwen3-4B,boiled_potato_slices,experiment_2025-08-19_06-58-12_player0_Qwen_Qwen3-32B_player1_Qwen_Qwen3-4B_boiled_potato_slices.json,fuzzy_hierarchy,0,0,No reason provided,103,18,37.06053042411804
2025-08-21T05:51:04.814754,Qwen_Qwen3-32B_Qwen_Qwen3-4B,boiled_potato_slices,experiment_2025-08-19_06-41-19_player0_Qwen_Qwen3-32B_player1_Qwen_Qwen3-4B_boiled_potato_slices.json,fuzzy_hierarchy,0,0,No reason provided,182,18,33.400798320770264
2025-08-21T05:51:28.447680,Qwen_Qwen3-32B_Qwen_Qwen3-4B,boiled_potato_slices,experiment_2025-08-19_08-05-28_player0_Qwen_Qwen3-32B_player1_Qwen_Qwen3-4B_boiled_potato_slices.json,fuzzy_hierarchy,0,0,No reason provided,60,18,21.627782821655273
2025-08-21T05:52:09.708949,Qwen_Qwen3-32B_Qwen_Qwen3-4B,baked_pumpkin_slices,experiment_2025-08-19_08-39-24_player0_Qwen_Qwen3-32B_player1_Qwen_Qwen3-4B_baked_pumpkin_slices.json,fuzzy_hierarchy,0,0,No reason provided,352,18,39.25454330444336
2025-08-21T05:52:50.347208,Qwen_Qwen3-32B_Qwen_Qwen3-4B,baked_pumpkin_slices,experiment_2025-08-19_10-29-03_player0_Qwen_Qwen3-32B_player1_Qwen_Qwen3-4B_baked_pumpkin_slices.json,fuzzy_hierarchy,0,0,No reason provided,74,18,38.63278150558472
2025-08-21T05:53:12.047265,Qwen_Qwen3-32B_Qwen_Qwen3-4B,baked_pumpkin_slices,experiment_2025-08-19_10-36-44_player0_Qwen_Qwen3-32B_player1_Qwen_Qwen3-4B_baked_pumpkin_slices.json,fuzzy_hierarchy,0,0,No reason provided,6,6,19.694875478744507
2025-08-21T05:53:53.708562,Qwen_Qwen3-32B_Qwen_Qwen3-4B,baked_pumpkin_slices,experiment_2025-08-19_10-09-40_player0_Qwen_Qwen3-32B_player1_Qwen_Qwen3-4B_baked_pumpkin_slices.json,fuzzy_hierarchy,0,0,No reason provided,59,18,39.65636897087097
2025-08-21T05:54:22.794737,Qwen_Qwen3-32B_Qwen_Qwen3-4B,baked_pumpkin_slices,experiment_2025-08-19_09-16-45_player0_Qwen_Qwen3-32B_player1_Qwen_Qwen3-4B_baked_pumpkin_slices.json,fuzzy_hierarchy,0,0,No reason provided,17,17,27.08148741722107
2025-08-21T05:54:58.874735,Qwen_Qwen3-32B_Qwen_Qwen3-4B,baked_pumpkin_slices,experiment_2025-08-19_10-15-54_player0_Qwen_Qwen3-32B_player1_Qwen_Qwen3-4B_baked_pumpkin_slices.json,fuzzy_hierarchy,0,0,No reason provided,149,18,34.07489228248596
2025-08-21T05:55:30.873252,Qwen_Qwen3-32B_Qwen_Qwen3-4B,baked_pumpkin_slices,experiment_2025-08-19_10-00-19_player0_Qwen_Qwen3-32B_player1_Qwen_Qwen3-4B_baked_pumpkin_slices.json,fuzzy_hierarchy,0,0,No reason provided,93,18,29.988029956817627
2025-08-21T05:55:53.963188,Qwen_Qwen3-32B_Qwen_Qwen3-4B,baked_pumpkin_slices,experiment_2025-08-19_08-38-12_player0_Qwen_Qwen3-32B_player1_Qwen_Qwen3-4B_baked_pumpkin_slices.json,fuzzy_hierarchy,0,0,No reason provided,11,11,21.085349082946777
2025-08-21T05:56:27.797799,Qwen_Qwen3-32B_Qwen_Qwen3-4B,baked_pumpkin_slices,experiment_2025-08-19_09-18-31_player0_Qwen_Qwen3-32B_player1_Qwen_Qwen3-4B_baked_pumpkin_slices.json,clear_hierarchy,1,0,No reason provided,364,18,31.82922649383545
2025-08-21T05:57:16.475052,Qwen_Qwen3-32B_Qwen_Qwen3-4B,baked_pumpkin_slices,experiment_2025-08-19_08-32-04_player0_Qwen_Qwen3-32B_player1_Qwen_Qwen3-4B_baked_pumpkin_slices.json,clear_hierarchy,1,0,No reason provided,59,18,46.671520471572876
2025-08-21T05:57:34.635963,Qwen_Qwen3-32B_Qwen_Qwen3-4B,boiled_corn_slices,experiment_2025-08-19_11-20-55_player0_Qwen_Qwen3-32B_player1_Qwen_Qwen3-4B_boiled_corn_slices.json,fuzzy_hierarchy,0,0,No reason provided,4,4,16.1538724899292
2025-08-21T05:58:06.219557,Qwen_Qwen3-32B_Qwen_Qwen3-4B,boiled_corn_slices,experiment_2025-08-19_10-43-40_player0_Qwen_Qwen3-32B_player1_Qwen_Qwen3-4B_boiled_corn_slices.json,fuzzy_hierarchy,0,0,No reason provided,134,18,29.578623294830322
2025-08-21T05:58:31.851246,Qwen_Qwen3-32B_Qwen_Qwen3-4B,boiled_corn_slices,experiment_2025-08-19_10-56-32_player0_Qwen_Qwen3-32B_player1_Qwen_Qwen3-4B_boiled_corn_slices.json,fuzzy_hierarchy,0,0,No reason provided,219,18,23.627071857452393
2025-08-21T06:00:11.674632,Qwen_Qwen3-32B_Qwen_Qwen3-4B,boiled_corn_slices,experiment_2025-08-19_11-47-48_player0_Qwen_Qwen3-32B_player1_Qwen_Qwen3-4B_boiled_corn_slices.json,fuzzy_hierarchy,0,0,No reason provided,170,18,97.8183331489563
2025-08-21T06:00:52.850533,Qwen_Qwen3-32B_Qwen_Qwen3-4B,boiled_corn_slices,experiment_2025-08-19_12-01-58_player0_Qwen_Qwen3-32B_player1_Qwen_Qwen3-4B_boiled_corn_slices.json,fuzzy_hierarchy,0,0,No reason provided,12,12,39.17254400253296
2025-08-21T06:01:23.164298,Qwen_Qwen3-32B_Qwen_Qwen3-4B,boiled_corn_slices,experiment_2025-08-19_11-21-31_player0_Qwen_Qwen3-32B_player1_Qwen_Qwen3-4B_boiled_corn_slices.json,fuzzy_hierarchy,0,0,No reason provided,56,18,28.308823823928833
2025-08-21T06:01:46.901680,Qwen_Qwen3-32B_Qwen_Qwen3-4B,boiled_corn_slices,experiment_2025-08-19_11-27-13_player0_Qwen_Qwen3-32B_player1_Qwen_Qwen3-4B_boiled_corn_slices.json,fuzzy_hierarchy,0,0,No reason provided,6,6,21.732370615005493
2025-08-21T06:02:14.323451,Qwen_Qwen3-32B_Qwen_Qwen3-4B,boiled_corn_slices,experiment_2025-08-19_10-37-32_player0_Qwen_Qwen3-32B_player1_Qwen_Qwen3-4B_boiled_corn_slices.json,fuzzy_hierarchy,0,0,No reason provided,59,18,25.416866540908813
2025-08-21T06:02:48.828347,Qwen_Qwen3-32B_Qwen_Qwen3-4B,boiled_corn_slices,experiment_2025-08-19_11-34-54_player0_Qwen_Qwen3-32B_player1_Qwen_Qwen3-4B_boiled_corn_slices.json,fuzzy_hierarchy,0,0,No reason provided,170,18,32.49983739852905
2025-08-21T06:03:40.375767,Qwen_Qwen3-8B_Qwen_Qwen3-32B,baked_pumpkin_slices,experiment_2025-08-19_11-07-29_player0_Qwen_Qwen3-8B_player1_Qwen_Qwen3-32B_baked_pumpkin_slices.json,fuzzy_hierarchy,0,0,No reason provided,183,18,49.53942513465881
2025-08-21T06:04:10.581234,Qwen_Qwen3-8B_Qwen_Qwen3-32B,baked_pumpkin_slices,experiment_2025-08-19_11-52-00_player0_Qwen_Qwen3-8B_player1_Qwen_Qwen3-32B_baked_pumpkin_slices.json,fuzzy_hierarchy,0,0,No reason provided,189,18,28.200289964675903
2025-08-21T06:04:39.028717,Qwen_Qwen3-8B_Qwen_Qwen3-32B,baked_pumpkin_slices,experiment_2025-08-19_13-16-59_player0_Qwen_Qwen3-8B_player1_Qwen_Qwen3-32B_baked_pumpkin_slices.json,fuzzy_hierarchy,0,0,No reason provided,66,18,26.44273829460144
2025-08-21T06:05:15.837851,Qwen_Qwen3-8B_Qwen_Qwen3-32B,baked_pumpkin_slices,experiment_2025-08-19_13-24-19_player0_Qwen_Qwen3-8B_player1_Qwen_Qwen3-32B_baked_pumpkin_slices.json,fuzzy_hierarchy,0,0,No reason provided,181,18,34.80469298362732
2025-08-21T06:06:26.737935,Qwen_Qwen3-8B_Qwen_Qwen3-32B,baked_pumpkin_slices,experiment_2025-08-19_12-48-42_player0_Qwen_Qwen3-8B_player1_Qwen_Qwen3-32B_baked_pumpkin_slices.json,fuzzy_hierarchy,0,0,No reason provided,188,18,68.89536738395691
2025-08-21T06:07:06.058979,Qwen_Qwen3-8B_Qwen_Qwen3-32B,baked_pumpkin_slices,experiment_2025-08-19_12-25-05_player0_Qwen_Qwen3-8B_player1_Qwen_Qwen3-32B_baked_pumpkin_slices.json,fuzzy_hierarchy,0,0,No reason provided,202,18,37.31635856628418
2025-08-21T06:07:36.250173,Qwen_Qwen3-8B_Qwen_Qwen3-32B,baked_pumpkin_slices,experiment_2025-08-19_13-11-49_player0_Qwen_Qwen3-8B_player1_Qwen_Qwen3-32B_baked_pumpkin_slices.json,fuzzy_hierarchy,0,0,No reason provided,47,18,28.186290979385376
2025-08-21T06:08:02.056945,Qwen_Qwen3-8B_Qwen_Qwen3-32B,baked_pumpkin_slices,experiment_2025-08-19_12-14-04_player0_Qwen_Qwen3-8B_player1_Qwen_Qwen3-32B_baked_pumpkin_slices.json,fuzzy_hierarchy,0,0,No reason provided,98,18,23.80199122428894
2025-08-21T06:08:41.237178,Qwen_Qwen3-8B_Qwen_Qwen3-32B,baked_pumpkin_slices,experiment_2025-08-19_11-45-45_player0_Qwen_Qwen3-8B_player1_Qwen_Qwen3-32B_baked_pumpkin_slices.json,fuzzy_hierarchy,0,0,No reason provided,55,18,37.17535924911499
2025-08-21T06:09:12.807044,Qwen_Qwen3-8B_Qwen_Qwen3-32B,baked_pumpkin_slices,experiment_2025-08-19_11-28-38_player0_Qwen_Qwen3-8B_player1_Qwen_Qwen3-32B_baked_pumpkin_slices.json,clear_hierarchy,1,0,No reason provided,153,18,29.565231561660767
2025-08-21T06:09:58.739286,Qwen_Qwen3-8B_Qwen_Qwen3-32B,boiled_green_bean_slices,experiment_2025-08-19_12-46-07_player0_Qwen_Qwen3-8B_player1_Qwen_Qwen3-32B_boiled_green_bean_slices.json,clear_hierarchy,1,0,No reason provided,59,18,43.92519736289978
2025-08-21T06:10:31.175728,Qwen_Qwen3-8B_Qwen_Qwen3-32B,boiled_green_bean_slices,experiment_2025-08-19_11-16-57_player0_Qwen_Qwen3-8B_player1_Qwen_Qwen3-32B_boiled_green_bean_slices.json,fuzzy_hierarchy,0,0,No reason provided,179,18,30.43135976791382
2025-08-21T06:10:58.996010,Qwen_Qwen3-8B_Qwen_Qwen3-32B,boiled_green_bean_slices,experiment_2025-08-19_10-09-00_player0_Qwen_Qwen3-8B_player1_Qwen_Qwen3-32B_boiled_green_bean_slices.json,fuzzy_hierarchy,0,0,No reason provided,117,18,25.81534743309021
2025-08-21T06:11:26.429660,Qwen_Qwen3-8B_Qwen_Qwen3-32B,boiled_green_bean_slices,experiment_2025-08-19_12-15-30_player0_Qwen_Qwen3-8B_player1_Qwen_Qwen3-32B_boiled_green_bean_slices.json,fuzzy_hierarchy,0,0,No reason provided,111,18,25.428791046142578
2025-08-21T06:12:03.366837,Qwen_Qwen3-8B_Qwen_Qwen3-32B,boiled_green_bean_slices,experiment_2025-08-19_11-09-31_player0_Qwen_Qwen3-8B_player1_Qwen_Qwen3-32B_boiled_green_bean_slices.json,fuzzy_hierarchy,0,0,No reason provided,58,18,34.93196725845337
2025-08-21T06:12:55.473668,Qwen_Qwen3-8B_Qwen_Qwen3-32B,boiled_green_bean_slices,experiment_2025-08-19_10-24-46_player0_Qwen_Qwen3-8B_player1_Qwen_Qwen3-32B_boiled_green_bean_slices.json,fuzzy_hierarchy,0,0,No reason provided,318,18,50.10147953033447
2025-08-21T06:13:31.013966,Qwen_Qwen3-8B_Qwen_Qwen3-32B,boiled_green_bean_slices,experiment_2025-08-19_12-29-52_player0_Qwen_Qwen3-8B_player1_Qwen_Qwen3-32B_boiled_green_bean_slices.json,fuzzy_hierarchy,0,0,No reason provided,134,18,33.53518342971802
2025-08-21T06:13:54.690428,Qwen_Qwen3-8B_Qwen_Qwen3-32B,boiled_green_bean_slices,experiment_2025-08-19_11-40-51_player0_Qwen_Qwen3-8B_player1_Qwen_Qwen3-32B_boiled_green_bean_slices.json,clear_hierarchy,1,0,No reason provided,294,18,21.671444416046143
2025-08-21T06:14:29.708496,Qwen_Qwen3-8B_Qwen_Qwen3-32B,boiled_green_bean_slices,experiment_2025-08-19_09-47-53_player0_Qwen_Qwen3-8B_player1_Qwen_Qwen3-32B_boiled_green_bean_slices.json,clear_hierarchy,1,0,No reason provided,160,18,33.01251554489136
2025-08-21T06:15:23.749621,Qwen_Qwen3-8B_Qwen_Qwen3-32B,boiled_green_bean_slices,experiment_2025-08-19_11-01-33_player0_Qwen_Qwen3-8B_player1_Qwen_Qwen3-32B_boiled_green_bean_slices.json,fuzzy_hierarchy,0,0,No reason provided,64,18,52.03568124771118
2025-08-21T06:15:45.460893,Qwen_Qwen3-8B_Qwen_Qwen3-32B,boiled_corn_slices,experiment_2025-08-19_14-51-14_player0_Qwen_Qwen3-8B_player1_Qwen_Qwen3-32B_boiled_corn_slices.json,fuzzy_hierarchy,0,0,No reason provided,306,18,19.70353078842163
2025-08-21T06:16:12.400544,Qwen_Qwen3-8B_Qwen_Qwen3-32B,boiled_corn_slices,experiment_2025-08-19_14-49-42_player0_Qwen_Qwen3-8B_player1_Qwen_Qwen3-32B_boiled_corn_slices.json,fuzzy_hierarchy,0,0,No reason provided,12,12,24.934383630752563
2025-08-21T06:16:56.125789,Qwen_Qwen3-8B_Qwen_Qwen3-32B,boiled_corn_slices,experiment_2025-08-19_14-01-50_player0_Qwen_Qwen3-8B_player1_Qwen_Qwen3-32B_boiled_corn_slices.json,fuzzy_hierarchy,0,0,No reason provided,245,18,41.72008490562439
2025-08-21T06:17:24.640548,Qwen_Qwen3-8B_Qwen_Qwen3-32B,boiled_corn_slices,experiment_2025-08-19_13-55-33_player0_Qwen_Qwen3-8B_player1_Qwen_Qwen3-32B_boiled_corn_slices.json,fuzzy_hierarchy,0,0,No reason provided,57,18,26.50950026512146
2025-08-21T06:17:58.423779,Qwen_Qwen3-8B_Qwen_Qwen3-32B,boiled_corn_slices,experiment_2025-08-19_14-32-31_player0_Qwen_Qwen3-8B_player1_Qwen_Qwen3-32B_boiled_corn_slices.json,fuzzy_hierarchy,0,0,No reason provided,147,18,31.77863645553589
2025-08-21T06:18:33.180310,Qwen_Qwen3-8B_Qwen_Qwen3-32B,boiled_corn_slices,experiment_2025-08-19_15-26-02_player0_Qwen_Qwen3-8B_player1_Qwen_Qwen3-32B_boiled_corn_slices.json,fuzzy_hierarchy,0,0,No reason provided,175,18,32.75140404701233
2025-08-21T06:19:06.290902,Qwen_Qwen3-8B_Qwen_Qwen3-32B,boiled_corn_slices,experiment_2025-08-19_16-16-23_player0_Qwen_Qwen3-8B_player1_Qwen_Qwen3-32B_boiled_corn_slices.json,fuzzy_hierarchy,0,0,No reason provided,315,18,31.10579752922058
2025-08-21T06:19:33.952245,Qwen_Qwen3-8B_Qwen_Qwen3-32B,boiled_corn_slices,experiment_2025-08-19_15-45-46_player0_Qwen_Qwen3-8B_player1_Qwen_Qwen3-32B_boiled_corn_slices.json,clear_hierarchy,1,0,No reason provided,262,18,25.65557074546814
2025-08-21T06:20:27.580668,Qwen_Qwen3-8B_Qwen_Qwen3-32B,boiled_corn_slices,experiment_2025-08-19_16-47-56_player0_Qwen_Qwen3-8B_player1_Qwen_Qwen3-32B_boiled_corn_slices.json,fuzzy_hierarchy,0,0,No reason provided,341,18,51.62338447570801
2025-08-21T06:20:56.695371,Qwen_Qwen3-8B_Qwen_Qwen3-32B,boiled_corn_slices,experiment_2025-08-19_13-46-12_player0_Qwen_Qwen3-8B_player1_Qwen_Qwen3-32B_boiled_corn_slices.json,clear_hierarchy,1,0,No reason provided,81,18,27.109569549560547
2025-08-21T06:21:24.947939,Qwen_Qwen3-8B_Qwen_Qwen3-32B,boiled_potato_slices,experiment_2025-08-19_13-39-48_player0_Qwen_Qwen3-8B_player1_Qwen_Qwen3-32B_boiled_potato_slices.json,fuzzy_hierarchy,0,0,No reason provided,80,18,26.245360612869263
2025-08-21T06:22:17.379514,Qwen_Qwen3-8B_Qwen_Qwen3-32B,boiled_potato_slices,experiment_2025-08-19_14-13-30_player0_Qwen_Qwen3-8B_player1_Qwen_Qwen3-32B_boiled_potato_slices.json,fuzzy_hierarchy,0,0,No reason provided,21,18,50.42721509933472
2025-08-21T06:22:54.531587,Qwen_Qwen3-8B_Qwen_Qwen3-32B,boiled_potato_slices,experiment_2025-08-19_14-27-04_player0_Qwen_Qwen3-8B_player1_Qwen_Qwen3-32B_boiled_potato_slices.json,fuzzy_hierarchy,0,0,No reason provided,78,18,35.14721155166626
2025-08-21T06:23:25.625010,Qwen_Qwen3-8B_Qwen_Qwen3-32B,boiled_potato_slices,experiment_2025-08-19_14-01-06_player0_Qwen_Qwen3-8B_player1_Qwen_Qwen3-32B_boiled_potato_slices.json,fuzzy_hierarchy,0,0,No reason provided,115,18,29.088780879974365
2025-08-21T06:23:59.796650,Qwen_Qwen3-8B_Qwen_Qwen3-32B,boiled_potato_slices,experiment_2025-08-19_14-16-03_player0_Qwen_Qwen3-8B_player1_Qwen_Qwen3-32B_boiled_potato_slices.json,fuzzy_hierarchy,0,0,No reason provided,104,18,32.166664123535156
2025-08-21T06:24:40.547046,Qwen_Qwen3-8B_Qwen_Qwen3-32B,boiled_potato_slices,experiment_2025-08-19_14-36-06_player0_Qwen_Qwen3-8B_player1_Qwen_Qwen3-32B_boiled_potato_slices.json,clear_hierarchy,1,0,No reason provided,84,18,38.74571442604065
2025-08-21T06:25:20.987141,Qwen_Qwen3-8B_Qwen_Qwen3-32B,boiled_potato_slices,experiment_2025-08-19_13-49-00_player0_Qwen_Qwen3-8B_player1_Qwen_Qwen3-32B_boiled_potato_slices.json,fuzzy_hierarchy,0,0,No reason provided,81,18,38.43544554710388
2025-08-21T06:25:40.180018,Qwen_Qwen3-8B_Qwen_Qwen3-32B,boiled_potato_slices,experiment_2025-08-19_12-52-37_player0_Qwen_Qwen3-8B_player1_Qwen_Qwen3-32B_boiled_potato_slices.json,fuzzy_hierarchy,0,0,No reason provided,230,18,17.188305854797363
2025-08-21T06:26:29.616864,Qwen_Qwen3-8B_Qwen_Qwen3-32B,boiled_potato_slices,experiment_2025-08-19_13-22-18_player0_Qwen_Qwen3-8B_player1_Qwen_Qwen3-32B_boiled_potato_slices.json,fuzzy_hierarchy,0,0,No reason provided,139,18,47.43146276473999
2025-08-21T06:27:18.927093,Qwen_Qwen3-8B_Qwen_Qwen3-32B,boiled_potato_slices,experiment_2025-08-19_13-58-35_player0_Qwen_Qwen3-8B_player1_Qwen_Qwen3-32B_boiled_potato_slices.json,fuzzy_hierarchy,0,0,No reason provided,21,18,47.305734157562256
2025-08-21T06:27:58.431153,Qwen_Qwen3-14B_Qwen_Qwen3-8B,boiled_potato_slices,experiment_2025-08-19_05-46-08_player0_Qwen_Qwen3-14B_player1_Qwen_Qwen3-8B_boiled_potato_slices.json,clear_hierarchy,1,0,No reason provided,18,18,37.49607849121094
2025-08-21T06:28:37.467430,Qwen_Qwen3-14B_Qwen_Qwen3-8B,boiled_potato_slices,experiment_2025-08-19_05-13-09_player0_Qwen_Qwen3-14B_player1_Qwen_Qwen3-8B_boiled_potato_slices.json,fuzzy_hierarchy,0,0,No reason provided,29,18,37.03129315376282
2025-08-21T06:29:10.811625,Qwen_Qwen3-14B_Qwen_Qwen3-8B,boiled_potato_slices,experiment_2025-08-19_04-52-18_player0_Qwen_Qwen3-14B_player1_Qwen_Qwen3-8B_boiled_potato_slices.json,fuzzy_hierarchy,0,0,No reason provided,119,18,31.339094877243042
2025-08-21T06:30:08.492927,Qwen_Qwen3-14B_Qwen_Qwen3-8B,boiled_potato_slices,experiment_2025-08-19_05-05-52_player0_Qwen_Qwen3-14B_player1_Qwen_Qwen3-8B_boiled_potato_slices.json,fuzzy_hierarchy,0,0,No reason provided,63,18,55.67653131484985
2025-08-21T06:30:57.066883,Qwen_Qwen3-14B_Qwen_Qwen3-8B,boiled_potato_slices,experiment_2025-08-19_05-27-43_player0_Qwen_Qwen3-14B_player1_Qwen_Qwen3-8B_boiled_potato_slices.json,fuzzy_hierarchy,0,0,No reason provided,76,18,46.56892681121826
2025-08-21T06:31:54.507069,Qwen_Qwen3-14B_Qwen_Qwen3-8B,boiled_potato_slices,experiment_2025-08-19_05-22-53_player0_Qwen_Qwen3-14B_player1_Qwen_Qwen3-8B_boiled_potato_slices.json,clear_hierarchy,1,0,No reason provided,27,18,55.435298204422
2025-08-21T06:32:36.507839,Qwen_Qwen3-14B_Qwen_Qwen3-8B,boiled_potato_slices,experiment_2025-08-19_05-42-45_player0_Qwen_Qwen3-14B_player1_Qwen_Qwen3-8B_boiled_potato_slices.json,fuzzy_hierarchy,0,0,No reason provided,28,18,39.99548864364624
2025-08-21T06:33:10.127463,Qwen_Qwen3-14B_Qwen_Qwen3-8B,boiled_potato_slices,experiment_2025-08-19_05-36-57_player0_Qwen_Qwen3-14B_player1_Qwen_Qwen3-8B_boiled_potato_slices.json,fuzzy_hierarchy,0,0,No reason provided,52,18,31.614753246307373
2025-08-21T06:34:03.402215,Qwen_Qwen3-14B_Qwen_Qwen3-8B,boiled_potato_slices,experiment_2025-08-19_05-16-21_player0_Qwen_Qwen3-14B_player1_Qwen_Qwen3-8B_boiled_potato_slices.json,fuzzy_hierarchy,0,0,No reason provided,57,18,51.26958417892456
2025-08-21T06:34:34.601068,Qwen_Qwen3-14B_Qwen_Qwen3-8B,boiled_potato_slices,experiment_2025-08-19_05-26-22_player0_Qwen_Qwen3-14B_player1_Qwen_Qwen3-8B_boiled_potato_slices.json,fuzzy_hierarchy,0,0,No reason provided,12,12,29.193539142608643
2025-08-21T06:34:56.336021,Qwen_Qwen3-14B_Qwen_Qwen3-8B,boiled_green_bean_slices,experiment_2025-08-19_08-07-53_player0_Qwen_Qwen3-14B_player1_Qwen_Qwen3-8B_boiled_green_bean_slices.json,fuzzy_hierarchy,0,0,No reason provided,9,9,19.727731704711914
2025-08-21T06:35:39.512621,Qwen_Qwen3-14B_Qwen_Qwen3-8B,boiled_green_bean_slices,experiment_2025-08-19_08-37-20_player0_Qwen_Qwen3-14B_player1_Qwen_Qwen3-8B_boiled_green_bean_slices.json,fuzzy_hierarchy,0,0,No reason provided,47,18,41.171355962753296
2025-08-21T06:36:20.003309,Qwen_Qwen3-14B_Qwen_Qwen3-8B,boiled_green_bean_slices,experiment_2025-08-19_08-16-04_player0_Qwen_Qwen3-14B_player1_Qwen_Qwen3-8B_boiled_green_bean_slices.json,fuzzy_hierarchy,0,0,No reason provided,187,18,38.485483169555664
2025-08-21T06:36:52.556907,Qwen_Qwen3-14B_Qwen_Qwen3-8B,boiled_green_bean_slices,experiment_2025-08-19_08-43-44_player0_Qwen_Qwen3-14B_player1_Qwen_Qwen3-8B_boiled_green_bean_slices.json,fuzzy_hierarchy,0,0,No reason provided,36,18,30.54852533340454
2025-08-21T06:37:45.787506,Qwen_Qwen3-14B_Qwen_Qwen3-8B,boiled_green_bean_slices,experiment_2025-08-19_08-48-30_player0_Qwen_Qwen3-14B_player1_Qwen_Qwen3-8B_boiled_green_bean_slices.json,fuzzy_hierarchy,0,0,No reason provided,21,18,51.22616100311279
2025-08-21T06:38:11.014184,Qwen_Qwen3-14B_Qwen_Qwen3-8B,boiled_green_bean_slices,experiment_2025-08-19_08-11-20_player0_Qwen_Qwen3-14B_player1_Qwen_Qwen3-8B_boiled_green_bean_slices.json,clear_hierarchy,1,0,No reason provided,28,18,23.221563816070557
2025-08-21T06:38:48.187651,Qwen_Qwen3-14B_Qwen_Qwen3-8B,boiled_green_bean_slices,experiment_2025-08-19_08-14-24_player0_Qwen_Qwen3-14B_player1_Qwen_Qwen3-8B_boiled_green_bean_slices.json,fuzzy_hierarchy,0,0,No reason provided,13,13,35.16844654083252
2025-08-21T06:39:16.145162,Qwen_Qwen3-14B_Qwen_Qwen3-8B,boiled_green_bean_slices,experiment_2025-08-19_08-09-14_player0_Qwen_Qwen3-14B_player1_Qwen_Qwen3-8B_boiled_green_bean_slices.json,clear_hierarchy,1,0,No reason provided,13,13,25.95236325263977
2025-08-21T06:39:56.591430,Qwen_Qwen3-14B_Qwen_Qwen3-8B,boiled_green_bean_slices,experiment_2025-08-19_08-05-26_player0_Qwen_Qwen3-14B_player1_Qwen_Qwen3-8B_boiled_green_bean_slices.json,fuzzy_hierarchy,0,0,No reason provided,18,18,38.441126346588135
2025-08-21T06:40:29.123879,Qwen_Qwen3-14B_Qwen_Qwen3-8B,boiled_green_bean_slices,experiment_2025-08-19_08-00-36_player0_Qwen_Qwen3-14B_player1_Qwen_Qwen3-8B_boiled_green_bean_slices.json,fuzzy_hierarchy,0,0,No reason provided,36,18,30.52738094329834
2025-08-21T06:41:09.684049,Qwen_Qwen3-14B_Qwen_Qwen3-8B,boiled_corn_slices,experiment_2025-08-19_06-39-34_player0_Qwen_Qwen3-14B_player1_Qwen_Qwen3-8B_boiled_corn_slices.json,fuzzy_hierarchy,0,0,No reason provided,116,18,38.55316662788391
2025-08-21T06:41:57.974730,Qwen_Qwen3-14B_Qwen_Qwen3-8B,boiled_corn_slices,experiment_2025-08-19_06-23-19_player0_Qwen_Qwen3-14B_player1_Qwen_Qwen3-8B_boiled_corn_slices.json,fuzzy_hierarchy,0,0,No reason provided,137,18,46.28576970100403
2025-08-21T06:43:09.653939,Qwen_Qwen3-14B_Qwen_Qwen3-8B,boiled_corn_slices,experiment_2025-08-19_06-54-18_player0_Qwen_Qwen3-14B_player1_Qwen_Qwen3-8B_boiled_corn_slices.json,fuzzy_hierarchy,0,0,No reason provided,10,10,69.67428421974182
2025-08-21T06:43:47.593620,Qwen_Qwen3-14B_Qwen_Qwen3-8B,boiled_corn_slices,experiment_2025-08-19_06-57-29_player0_Qwen_Qwen3-14B_player1_Qwen_Qwen3-8B_boiled_corn_slices.json,fuzzy_hierarchy,0,0,No reason provided,184,18,35.93462085723877
2025-08-21T06:44:11.258722,Qwen_Qwen3-14B_Qwen_Qwen3-8B,boiled_corn_slices,experiment_2025-08-19_07-20-18_player0_Qwen_Qwen3-14B_player1_Qwen_Qwen3-8B_boiled_corn_slices.json,clear_hierarchy,1,0,No reason provided,6,6,21.660119771957397
2025-08-21T06:44:58.981970,Qwen_Qwen3-14B_Qwen_Qwen3-8B,boiled_corn_slices,experiment_2025-08-19_07-21-16_player0_Qwen_Qwen3-14B_player1_Qwen_Qwen3-8B_boiled_corn_slices.json,fuzzy_hierarchy,0,0,No reason provided,269,18,45.71749997138977
2025-08-21T06:45:51.688329,Qwen_Qwen3-14B_Qwen_Qwen3-8B,boiled_corn_slices,experiment_2025-08-19_06-16-13_player0_Qwen_Qwen3-14B_player1_Qwen_Qwen3-8B_boiled_corn_slices.json,fuzzy_hierarchy,0,0,No reason provided,61,18,50.70108652114868
2025-08-21T06:46:36.230854,Qwen_Qwen3-14B_Qwen_Qwen3-8B,boiled_corn_slices,experiment_2025-08-19_07-56-35_player0_Qwen_Qwen3-14B_player1_Qwen_Qwen3-8B_boiled_corn_slices.json,clear_hierarchy,1,0,No reason provided,10,10,42.51973032951355
2025-08-21T06:47:26.523368,Qwen_Qwen3-14B_Qwen_Qwen3-8B,boiled_corn_slices,experiment_2025-08-19_06-55-53_player0_Qwen_Qwen3-14B_player1_Qwen_Qwen3-8B_boiled_corn_slices.json,clear_hierarchy,1,0,No reason provided,12,12,48.28761601448059
2025-08-21T06:48:13.681531,Qwen_Qwen3-14B_Qwen_Qwen3-8B,boiled_corn_slices,experiment_2025-08-19_07-58-08_player0_Qwen_Qwen3-14B_player1_Qwen_Qwen3-8B_boiled_corn_slices.json,fuzzy_hierarchy,0,0,No reason provided,18,18,44.962541341781616
2025-08-21T06:49:09.509229,Qwen_Qwen3-14B_Qwen_Qwen3-8B,baked_pumpkin_slices,experiment_2025-08-19_05-27-08_player0_Qwen_Qwen3-14B_player1_Qwen_Qwen3-8B_baked_pumpkin_slices.json,fuzzy_hierarchy,0,0,No reason provided,47,18,53.67984890937805
2025-08-21T06:49:59.843913,Qwen_Qwen3-14B_Qwen_Qwen3-8B,baked_pumpkin_slices,experiment_2025-08-19_05-57-44_player0_Qwen_Qwen3-14B_player1_Qwen_Qwen3-8B_baked_pumpkin_slices.json,fuzzy_hierarchy,0,0,No reason provided,33,18,48.329630613327026
2025-08-21T06:50:32.017209,Qwen_Qwen3-14B_Qwen_Qwen3-8B,baked_pumpkin_slices,experiment_2025-08-19_05-17-09_player0_Qwen_Qwen3-14B_player1_Qwen_Qwen3-8B_baked_pumpkin_slices.json,fuzzy_hierarchy,0,0,No reason provided,93,18,30.16784954071045
2025-08-21T06:51:13.961132,Qwen_Qwen3-14B_Qwen_Qwen3-8B,baked_pumpkin_slices,experiment_2025-08-19_05-32-21_player0_Qwen_Qwen3-14B_player1_Qwen_Qwen3-8B_baked_pumpkin_slices.json,fuzzy_hierarchy,0,0,No reason provided,177,18,39.93812918663025
2025-08-21T06:51:54.854641,Qwen_Qwen3-14B_Qwen_Qwen3-8B,baked_pumpkin_slices,experiment_2025-08-19_04-52-18_player0_Qwen_Qwen3-14B_player1_Qwen_Qwen3-8B_baked_pumpkin_slices.json,clear_hierarchy,1,0,No reason provided,17,17,38.888248920440674
2025-08-21T06:53:04.605231,Qwen_Qwen3-14B_Qwen_Qwen3-8B,baked_pumpkin_slices,experiment_2025-08-19_06-07-44_player0_Qwen_Qwen3-14B_player1_Qwen_Qwen3-8B_baked_pumpkin_slices.json,fuzzy_hierarchy,0,0,No reason provided,67,18,67.74564290046692
2025-08-21T06:53:36.428891,Qwen_Qwen3-14B_Qwen_Qwen3-8B,baked_pumpkin_slices,experiment_2025-08-19_04-56-24_player0_Qwen_Qwen3-14B_player1_Qwen_Qwen3-8B_baked_pumpkin_slices.json,fuzzy_hierarchy,0,0,No reason provided,197,18,29.81854271888733
2025-08-21T06:54:06.226015,Qwen_Qwen3-14B_Qwen_Qwen3-8B,baked_pumpkin_slices,experiment_2025-08-19_05-51-56_player0_Qwen_Qwen3-14B_player1_Qwen_Qwen3-8B_baked_pumpkin_slices.json,fuzzy_hierarchy,0,0,No reason provided,51,18,27.791932582855225
2025-08-21T06:54:26.588350,Qwen_Qwen3-14B_Qwen_Qwen3-8B,baked_pumpkin_slices,experiment_2025-08-19_06-01-45_player0_Qwen_Qwen3-14B_player1_Qwen_Qwen3-8B_baked_pumpkin_slices.json,fuzzy_hierarchy,0,0,No reason provided,51,18,18.357521057128906
2025-08-21T06:54:48.643354,Qwen_Qwen3-14B_Qwen_Qwen3-8B,baked_pumpkin_slices,experiment_2025-08-19_04-54-34_player0_Qwen_Qwen3-14B_player1_Qwen_Qwen3-8B_baked_pumpkin_slices.json,fuzzy_hierarchy,0,0,No reason provided,18,18,20.049928188323975
2025-08-21T06:55:20.159792,Qwen_Qwen3-4B_Qwen_Qwen3-14B,boiled_corn_slices,experiment_2025-08-19_09-04-05_player0_Qwen_Qwen3-4B_player1_Qwen_Qwen3-14B_boiled_corn_slices.json,fuzzy_hierarchy,0,0,No reason provided,202,18,29.507806539535522
2025-08-21T06:56:02.577340,Qwen_Qwen3-4B_Qwen_Qwen3-14B,boiled_corn_slices,experiment_2025-08-19_10-09-06_player0_Qwen_Qwen3-4B_player1_Qwen_Qwen3-14B_boiled_corn_slices.json,fuzzy_hierarchy,0,0,No reason provided,20,18,40.412116289138794
2025-08-21T06:56:43.814176,Qwen_Qwen3-4B_Qwen_Qwen3-14B,boiled_corn_slices,experiment_2025-08-19_10-18-56_player0_Qwen_Qwen3-4B_player1_Qwen_Qwen3-14B_boiled_corn_slices.json,fuzzy_hierarchy,0,0,No reason provided,126,18,39.23151636123657
2025-08-21T06:57:14.334864,Qwen_Qwen3-4B_Qwen_Qwen3-14B,boiled_corn_slices,experiment_2025-08-19_09-41-10_player0_Qwen_Qwen3-4B_player1_Qwen_Qwen3-14B_boiled_corn_slices.json,fuzzy_hierarchy,0,0,No reason provided,63,18,28.515345335006714
2025-08-21T06:57:42.019007,Qwen_Qwen3-4B_Qwen_Qwen3-14B,boiled_corn_slices,experiment_2025-08-19_08-40-57_player0_Qwen_Qwen3-4B_player1_Qwen_Qwen3-14B_boiled_corn_slices.json,fuzzy_hierarchy,0,0,No reason provided,213,18,25.678723335266113
2025-08-21T06:58:03.718865,Qwen_Qwen3-4B_Qwen_Qwen3-14B,boiled_corn_slices,experiment_2025-08-19_09-27-20_player0_Qwen_Qwen3-4B_player1_Qwen_Qwen3-14B_boiled_corn_slices.json,fuzzy_hierarchy,0,0,No reason provided,123,18,19.69459295272827
2025-08-21T06:58:45.916097,Qwen_Qwen3-4B_Qwen_Qwen3-14B,boiled_corn_slices,experiment_2025-08-19_10-11-39_player0_Qwen_Qwen3-4B_player1_Qwen_Qwen3-14B_boiled_corn_slices.json,fuzzy_hierarchy,0,0,No reason provided,37,18,40.192254304885864
2025-08-21T06:59:10.619727,Qwen_Qwen3-4B_Qwen_Qwen3-14B,boiled_corn_slices,experiment_2025-08-19_10-15-48_player0_Qwen_Qwen3-4B_player1_Qwen_Qwen3-14B_boiled_corn_slices.json,clear_hierarchy,1,0,No reason provided,29,18,22.698331832885742
2025-08-21T06:59:42.631319,Qwen_Qwen3-4B_Qwen_Qwen3-14B,boiled_corn_slices,experiment_2025-08-19_09-48-40_player0_Qwen_Qwen3-4B_player1_Qwen_Qwen3-14B_boiled_corn_slices.json,fuzzy_hierarchy,0,0,No reason provided,188,18,30.007044076919556
2025-08-21T07:00:30.407397,Qwen_Qwen3-4B_Qwen_Qwen3-14B,boiled_corn_slices,experiment_2025-08-19_08-33-20_player0_Qwen_Qwen3-4B_player1_Qwen_Qwen3-14B_boiled_corn_slices.json,fuzzy_hierarchy,0,0,No reason provided,69,18,45.77090239524841
2025-08-21T07:01:10.563311,Qwen_Qwen3-4B_Qwen_Qwen3-14B,baked_pumpkin_slices,experiment_2025-08-19_07-44-46_player0_Qwen_Qwen3-4B_player1_Qwen_Qwen3-14B_baked_pumpkin_slices.json,fuzzy_hierarchy,0,0,No reason provided,55,18,38.14874005317688
2025-08-21T07:01:45.070133,Qwen_Qwen3-4B_Qwen_Qwen3-14B,baked_pumpkin_slices,experiment_2025-08-19_07-41-58_player0_Qwen_Qwen3-4B_player1_Qwen_Qwen3-14B_baked_pumpkin_slices.json,fuzzy_hierarchy,0,0,No reason provided,25,18,32.50172162055969
2025-08-21T07:02:31.523752,Qwen_Qwen3-4B_Qwen_Qwen3-14B,baked_pumpkin_slices,experiment_2025-08-19_07-50-57_player0_Qwen_Qwen3-4B_player1_Qwen_Qwen3-14B_baked_pumpkin_slices.json,fuzzy_hierarchy,0,0,No reason provided,51,18,44.448168992996216
2025-08-21T07:03:10.026848,Qwen_Qwen3-4B_Qwen_Qwen3-14B,baked_pumpkin_slices,experiment_2025-08-19_07-56-07_player0_Qwen_Qwen3-4B_player1_Qwen_Qwen3-14B_baked_pumpkin_slices.json,fuzzy_hierarchy,0,0,No reason provided,55,18,36.49775815010071
2025-08-21T07:04:24.290307,Qwen_Qwen3-4B_Qwen_Qwen3-14B,baked_pumpkin_slices,experiment_2025-08-19_07-40-21_player0_Qwen_Qwen3-4B_player1_Qwen_Qwen3-14B_baked_pumpkin_slices.json,fuzzy_hierarchy,0,0,No reason provided,12,12,72.2584912776947
2025-08-21T07:04:52.115131,Qwen_Qwen3-4B_Qwen_Qwen3-14B,baked_pumpkin_slices,experiment_2025-08-19_08-15-27_player0_Qwen_Qwen3-4B_player1_Qwen_Qwen3-14B_baked_pumpkin_slices.json,fuzzy_hierarchy,0,0,No reason provided,151,18,25.819605112075806
2025-08-21T07:05:39.968681,Qwen_Qwen3-4B_Qwen_Qwen3-14B,baked_pumpkin_slices,experiment_2025-08-19_08-31-47_player0_Qwen_Qwen3-4B_player1_Qwen_Qwen3-14B_baked_pumpkin_slices.json,fuzzy_hierarchy,0,0,No reason provided,11,11,45.84722185134888
2025-08-21T07:06:10.709971,Qwen_Qwen3-4B_Qwen_Qwen3-14B,baked_pumpkin_slices,experiment_2025-08-19_07-30-26_player0_Qwen_Qwen3-4B_player1_Qwen_Qwen3-14B_baked_pumpkin_slices.json,fuzzy_hierarchy,0,0,No reason provided,78,18,28.735963582992554
2025-08-21T07:06:37.701322,Qwen_Qwen3-4B_Qwen_Qwen3-14B,baked_pumpkin_slices,experiment_2025-08-19_07-10-01_player0_Qwen_Qwen3-4B_player1_Qwen_Qwen3-14B_baked_pumpkin_slices.json,fuzzy_hierarchy,0,0,No reason provided,161,18,24.985281229019165
2025-08-21T07:07:13.140903,Qwen_Qwen3-4B_Qwen_Qwen3-14B,baked_pumpkin_slices,experiment_2025-08-19_08-02-53_player0_Qwen_Qwen3-4B_player1_Qwen_Qwen3-14B_baked_pumpkin_slices.json,fuzzy_hierarchy,0,0,No reason provided,105,18,33.43353819847107
2025-08-21T07:07:43.323353,Qwen_Qwen3-4B_Qwen_Qwen3-14B,boiled_potato_slices,experiment_2025-08-19_07-27-07_player0_Qwen_Qwen3-4B_player1_Qwen_Qwen3-14B_boiled_potato_slices.json,fuzzy_hierarchy,0,0,No reason provided,67,18,28.17394232749939
2025-08-21T07:08:14.179249,Qwen_Qwen3-4B_Qwen_Qwen3-14B,boiled_potato_slices,experiment_2025-08-19_08-19-49_player0_Qwen_Qwen3-4B_player1_Qwen_Qwen3-14B_boiled_potato_slices.json,fuzzy_hierarchy,0,0,No reason provided,70,18,28.850244998931885
2025-08-21T07:08:40.051306,Qwen_Qwen3-4B_Qwen_Qwen3-14B,boiled_potato_slices,experiment_2025-08-19_07-08-53_player0_Qwen_Qwen3-4B_player1_Qwen_Qwen3-14B_boiled_potato_slices.json,fuzzy_hierarchy,0,0,No reason provided,108,18,23.866442918777466
2025-08-21T07:09:29.026034,Qwen_Qwen3-4B_Qwen_Qwen3-14B,boiled_potato_slices,experiment_2025-08-19_08-34-02_player0_Qwen_Qwen3-4B_player1_Qwen_Qwen3-14B_boiled_potato_slices.json,fuzzy_hierarchy,0,0,No reason provided,35,18,46.96885347366333
2025-08-21T07:10:00.679199,Qwen_Qwen3-4B_Qwen_Qwen3-14B,boiled_potato_slices,experiment_2025-08-19_08-28-17_player0_Qwen_Qwen3-4B_player1_Qwen_Qwen3-14B_boiled_potato_slices.json,fuzzy_hierarchy,0,0,No reason provided,45,18,29.647671461105347
2025-08-21T07:10:35.789412,Qwen_Qwen3-4B_Qwen_Qwen3-14B,boiled_potato_slices,experiment_2025-08-19_08-12-22_player0_Qwen_Qwen3-4B_player1_Qwen_Qwen3-14B_boiled_potato_slices.json,fuzzy_hierarchy,0,0,No reason provided,64,18,33.104769229888916
2025-08-21T07:11:11.476504,Qwen_Qwen3-4B_Qwen_Qwen3-14B,boiled_potato_slices,experiment_2025-08-19_07-34-59_player0_Qwen_Qwen3-4B_player1_Qwen_Qwen3-14B_boiled_potato_slices.json,fuzzy_hierarchy,0,0,No reason provided,51,18,33.681068420410156
2025-08-21T07:11:39.722293,Qwen_Qwen3-4B_Qwen_Qwen3-14B,boiled_potato_slices,experiment_2025-08-19_08-05-14_player0_Qwen_Qwen3-4B_player1_Qwen_Qwen3-14B_boiled_potato_slices.json,fuzzy_hierarchy,0,0,No reason provided,58,18,26.23954129219055
2025-08-21T07:12:09.219166,Qwen_Qwen3-4B_Qwen_Qwen3-14B,boiled_potato_slices,experiment_2025-08-19_07-22-59_player0_Qwen_Qwen3-4B_player1_Qwen_Qwen3-14B_boiled_potato_slices.json,fuzzy_hierarchy,0,0,No reason provided,35,18,27.491374731063843
2025-08-21T07:12:35.342854,Qwen_Qwen3-4B_Qwen_Qwen3-14B,boiled_potato_slices,experiment_2025-08-19_07-41-59_player0_Qwen_Qwen3-4B_player1_Qwen_Qwen3-14B_boiled_potato_slices.json,clear_hierarchy,1,0,No reason provided,184,18,24.117345809936523
2025-08-21T07:13:09.327484,Qwen_Qwen3-4B_Qwen_Qwen3-14B,boiled_green_bean_slices,experiment_2025-08-19_05-38-19_player0_Qwen_Qwen3-4B_player1_Qwen_Qwen3-14B_boiled_green_bean_slices.json,fuzzy_hierarchy,0,0,No reason provided,55,18,31.977102041244507
2025-08-21T07:13:34.745971,Qwen_Qwen3-4B_Qwen_Qwen3-14B,boiled_green_bean_slices,experiment_2025-08-19_06-44-12_player0_Qwen_Qwen3-4B_player1_Qwen_Qwen3-14B_boiled_green_bean_slices.json,clear_hierarchy,1,0,No reason provided,184,18,23.411932468414307
2025-08-21T07:14:20.931381,Qwen_Qwen3-4B_Qwen_Qwen3-14B,boiled_green_bean_slices,experiment_2025-08-19_06-01-47_player0_Qwen_Qwen3-4B_player1_Qwen_Qwen3-14B_boiled_green_bean_slices.json,no_hierarchy,0,0,No reason provided,57,18,44.17962908744812
2025-08-21T07:14:52.279201,Qwen_Qwen3-4B_Qwen_Qwen3-14B,boiled_green_bean_slices,experiment_2025-08-19_06-25-16_player0_Qwen_Qwen3-4B_player1_Qwen_Qwen3-14B_boiled_green_bean_slices.json,fuzzy_hierarchy,0,0,No reason provided,138,18,29.342714548110962
2025-08-21T07:15:12.652636,Qwen_Qwen3-4B_Qwen_Qwen3-14B,boiled_green_bean_slices,experiment_2025-08-19_06-09-17_player0_Qwen_Qwen3-4B_player1_Qwen_Qwen3-14B_boiled_green_bean_slices.json,fuzzy_hierarchy,0,0,No reason provided,119,18,18.367968559265137
2025-08-21T07:15:42.238160,Qwen_Qwen3-4B_Qwen_Qwen3-14B,boiled_green_bean_slices,experiment_2025-08-19_04-52-18_player0_Qwen_Qwen3-4B_player1_Qwen_Qwen3-14B_boiled_green_bean_slices.json,clear_hierarchy,1,0,No reason provided,187,18,27.579765558242798
2025-08-21T07:16:07.414705,Qwen_Qwen3-4B_Qwen_Qwen3-14B,boiled_green_bean_slices,experiment_2025-08-19_05-36-22_player0_Qwen_Qwen3-4B_player1_Qwen_Qwen3-14B_boiled_green_bean_slices.json,fuzzy_hierarchy,0,0,No reason provided,17,17,23.171148538589478
2025-08-21T07:16:42.296138,Qwen_Qwen3-4B_Qwen_Qwen3-14B,boiled_green_bean_slices,experiment_2025-08-19_05-44-17_player0_Qwen_Qwen3-4B_player1_Qwen_Qwen3-14B_boiled_green_bean_slices.json,fuzzy_hierarchy,0,0,No reason provided,142,18,32.87581992149353
2025-08-21T07:16:56.988574,Qwen_Qwen3-4B_Qwen_Qwen3-14B,boiled_green_bean_slices,experiment_2025-08-19_06-43-12_player0_Qwen_Qwen3-4B_player1_Qwen_Qwen3-14B_boiled_green_bean_slices.json,fuzzy_hierarchy,0,0,No reason provided,6,6,12.686633825302124
2025-08-21T07:18:18.178619,Qwen_Qwen3-4B_Qwen_Qwen3-14B,boiled_green_bean_slices,experiment_2025-08-19_05-16-10_player0_Qwen_Qwen3-4B_player1_Qwen_Qwen3-14B_boiled_green_bean_slices.json,fuzzy_hierarchy,0,0,No reason provided,171,18,79.18443012237549
2025-08-21T07:18:50.422263,Qwen_Qwen3-1.7B_Qwen_Qwen3-14B,boiled_potato_slices,experiment_2025-08-19_07-56-18_player0_Qwen_Qwen3-1.7B_player1_Qwen_Qwen3-14B_boiled_potato_slices.json,fuzzy_hierarchy,0,0,No reason provided,242,18,30.235252141952515
2025-08-21T07:19:03.291470,Qwen_Qwen3-1.7B_Qwen_Qwen3-14B,boiled_potato_slices,experiment_2025-08-19_08-24-03_player0_Qwen_Qwen3-1.7B_player1_Qwen_Qwen3-14B_boiled_potato_slices.json,fuzzy_hierarchy,0,0,No reason provided,86,18,10.863548517227173
2025-08-21T07:19:25.691042,Qwen_Qwen3-1.7B_Qwen_Qwen3-14B,boiled_potato_slices,experiment_2025-08-19_10-10-56_player0_Qwen_Qwen3-1.7B_player1_Qwen_Qwen3-14B_boiled_potato_slices.json,fuzzy_hierarchy,0,0,No reason provided,122,18,20.393702507019043
2025-08-21T07:19:53.520446,Qwen_Qwen3-1.7B_Qwen_Qwen3-14B,boiled_potato_slices,experiment_2025-08-19_09-14-52_player0_Qwen_Qwen3-1.7B_player1_Qwen_Qwen3-14B_boiled_potato_slices.json,fuzzy_hierarchy,0,0,No reason provided,46,18,25.82405662536621
2025-08-21T07:20:14.629427,Qwen_Qwen3-1.7B_Qwen_Qwen3-14B,boiled_potato_slices,experiment_2025-08-19_08-32-15_player0_Qwen_Qwen3-1.7B_player1_Qwen_Qwen3-14B_boiled_potato_slices.json,fuzzy_hierarchy,0,0,No reason provided,213,18,19.103620290756226
2025-08-21T07:20:39.755583,Qwen_Qwen3-1.7B_Qwen_Qwen3-14B,boiled_potato_slices,experiment_2025-08-19_09-20-48_player0_Qwen_Qwen3-1.7B_player1_Qwen_Qwen3-14B_boiled_potato_slices.json,fuzzy_hierarchy,0,0,No reason provided,49,18,23.120848417282104
2025-08-21T07:21:15.785950,Qwen_Qwen3-1.7B_Qwen_Qwen3-14B,boiled_potato_slices,experiment_2025-08-19_09-25-34_player0_Qwen_Qwen3-1.7B_player1_Qwen_Qwen3-14B_boiled_potato_slices.json,no_hierarchy,0,0,No reason provided,415,18,34.024578332901
2025-08-21T07:21:37.625825,Qwen_Qwen3-1.7B_Qwen_Qwen3-14B,boiled_potato_slices,experiment_2025-08-19_10-24-57_player0_Qwen_Qwen3-1.7B_player1_Qwen_Qwen3-14B_boiled_potato_slices.json,fuzzy_hierarchy,0,0,No reason provided,341,18,19.833014726638794
2025-08-21T07:21:58.784154,Qwen_Qwen3-1.7B_Qwen_Qwen3-14B,boiled_potato_slices,experiment_2025-08-19_09-00-26_player0_Qwen_Qwen3-1.7B_player1_Qwen_Qwen3-14B_boiled_potato_slices.json,fuzzy_hierarchy,0,0,No reason provided,135,18,19.152246952056885
2025-08-21T07:22:19.876169,Qwen_Qwen3-1.7B_Qwen_Qwen3-14B,boiled_potato_slices,experiment_2025-08-19_11-08-56_player0_Qwen_Qwen3-1.7B_player1_Qwen_Qwen3-14B_boiled_potato_slices.json,fuzzy_hierarchy,0,0,No reason provided,188,18,19.08613348007202
2025-08-21T07:22:36.767125,Qwen_Qwen3-1.7B_Qwen_Qwen3-14B,baked_pumpkin_slices,experiment_2025-08-19_07-18-40_player0_Qwen_Qwen3-1.7B_player1_Qwen_Qwen3-14B_baked_pumpkin_slices.json,fuzzy_hierarchy,0,0,No reason provided,120,18,14.882325649261475
2025-08-21T07:23:19.843580,Qwen_Qwen3-1.7B_Qwen_Qwen3-14B,baked_pumpkin_slices,experiment_2025-08-19_08-30-29_player0_Qwen_Qwen3-1.7B_player1_Qwen_Qwen3-14B_baked_pumpkin_slices.json,fuzzy_hierarchy,0,0,No reason provided,308,18,41.071287631988525
2025-08-21T07:23:44.338911,Qwen_Qwen3-1.7B_Qwen_Qwen3-14B,baked_pumpkin_slices,experiment_2025-08-19_09-09-44_player0_Qwen_Qwen3-1.7B_player1_Qwen_Qwen3-14B_baked_pumpkin_slices.json,fuzzy_hierarchy,0,0,No reason provided,69,18,22.488727569580078
2025-08-21T07:24:38.267465,Qwen_Qwen3-1.7B_Qwen_Qwen3-14B,baked_pumpkin_slices,experiment_2025-08-19_06-59-38_player0_Qwen_Qwen3-1.7B_player1_Qwen_Qwen3-14B_baked_pumpkin_slices.json,fuzzy_hierarchy,0,0,No reason provided,95,18,51.923032999038696
2025-08-21T07:25:52.904316,Qwen_Qwen3-1.7B_Qwen_Qwen3-14B,baked_pumpkin_slices,experiment_2025-08-19_06-16-15_player0_Qwen_Qwen3-1.7B_player1_Qwen_Qwen3-14B_baked_pumpkin_slices.json,fuzzy_hierarchy,0,0,No reason provided,157,18,72.63126754760742
2025-08-21T07:26:22.765472,Qwen_Qwen3-1.7B_Qwen_Qwen3-14B,baked_pumpkin_slices,experiment_2025-08-19_08-59-34_player0_Qwen_Qwen3-1.7B_player1_Qwen_Qwen3-14B_baked_pumpkin_slices.json,fuzzy_hierarchy,0,0,No reason provided,110,18,27.8558087348938
2025-08-21T07:26:44.785558,Qwen_Qwen3-1.7B_Qwen_Qwen3-14B,baked_pumpkin_slices,experiment_2025-08-19_07-07-46_player0_Qwen_Qwen3-1.7B_player1_Qwen_Qwen3-14B_baked_pumpkin_slices.json,fuzzy_hierarchy,0,0,No reason provided,97,18,20.014712810516357
2025-08-21T07:27:30.646761,Qwen_Qwen3-1.7B_Qwen_Qwen3-14B,baked_pumpkin_slices,experiment_2025-08-19_08-19-35_player0_Qwen_Qwen3-1.7B_player1_Qwen_Qwen3-14B_baked_pumpkin_slices.json,fuzzy_hierarchy,0,0,No reason provided,101,18,43.8556592464447
2025-08-21T07:27:54.073042,Qwen_Qwen3-1.7B_Qwen_Qwen3-14B,baked_pumpkin_slices,experiment_2025-08-19_06-32-05_player0_Qwen_Qwen3-1.7B_player1_Qwen_Qwen3-14B_baked_pumpkin_slices.json,fuzzy_hierarchy,0,0,No reason provided,239,18,21.421087741851807
2025-08-21T07:28:40.968379,Qwen_Qwen3-1.7B_Qwen_Qwen3-14B,baked_pumpkin_slices,experiment_2025-08-19_07-30-01_player0_Qwen_Qwen3-1.7B_player1_Qwen_Qwen3-14B_baked_pumpkin_slices.json,fuzzy_hierarchy,0,0,No reason provided,490,18,44.88971519470215
2025-08-21T07:29:05.030360,Qwen_Qwen3-1.7B_Qwen_Qwen3-14B,boiled_corn_slices,experiment_2025-08-19_10-41-08_player0_Qwen_Qwen3-1.7B_player1_Qwen_Qwen3-14B_boiled_corn_slices.json,fuzzy_hierarchy,0,0,No reason provided,74,18,22.05317521095276
2025-08-21T07:29:25.808861,Qwen_Qwen3-1.7B_Qwen_Qwen3-14B,boiled_corn_slices,experiment_2025-08-19_09-39-31_player0_Qwen_Qwen3-1.7B_player1_Qwen_Qwen3-14B_boiled_corn_slices.json,fuzzy_hierarchy,0,0,No reason provided,501,18,18.773370027542114
2025-08-21T07:30:07.383074,Qwen_Qwen3-1.7B_Qwen_Qwen3-14B,boiled_corn_slices,experiment_2025-08-19_12-04-00_player0_Qwen_Qwen3-1.7B_player1_Qwen_Qwen3-14B_boiled_corn_slices.json,fuzzy_hierarchy,0,0,No reason provided,482,18,39.56812906265259
2025-08-21T07:30:42.050125,Qwen_Qwen3-1.7B_Qwen_Qwen3-14B,boiled_corn_slices,experiment_2025-08-19_11-31-33_player0_Qwen_Qwen3-1.7B_player1_Qwen_Qwen3-14B_boiled_corn_slices.json,fuzzy_hierarchy,0,0,No reason provided,218,18,32.66022706031799
2025-08-21T07:31:07.256972,Qwen_Qwen3-1.7B_Qwen_Qwen3-14B,boiled_corn_slices,experiment_2025-08-19_11-57-28_player0_Qwen_Qwen3-1.7B_player1_Qwen_Qwen3-14B_boiled_corn_slices.json,fuzzy_hierarchy,0,0,No reason provided,74,18,23.20006251335144
2025-08-21T07:31:50.778768,Qwen_Qwen3-1.7B_Qwen_Qwen3-14B,boiled_corn_slices,experiment_2025-08-19_12-49-28_player0_Qwen_Qwen3-1.7B_player1_Qwen_Qwen3-14B_boiled_corn_slices.json,fuzzy_hierarchy,0,0,No reason provided,216,18,41.51600933074951
2025-08-21T07:32:17.162252,Qwen_Qwen3-1.7B_Qwen_Qwen3-14B,boiled_corn_slices,experiment_2025-08-19_09-36-33_player0_Qwen_Qwen3-1.7B_player1_Qwen_Qwen3-14B_boiled_corn_slices.json,fuzzy_hierarchy,0,0,No reason provided,28,18,24.377249717712402
2025-08-21T07:32:59.535399,Qwen_Qwen3-1.7B_Qwen_Qwen3-14B,boiled_corn_slices,experiment_2025-08-19_10-32-55_player0_Qwen_Qwen3-1.7B_player1_Qwen_Qwen3-14B_boiled_corn_slices.json,fuzzy_hierarchy,0,0,No reason provided,91,18,40.36766457557678
2025-08-21T07:33:41.020780,Qwen_Qwen3-1.7B_Qwen_Qwen3-14B,boiled_corn_slices,experiment_2025-08-19_09-16-07_player0_Qwen_Qwen3-1.7B_player1_Qwen_Qwen3-14B_boiled_corn_slices.json,fuzzy_hierarchy,0,0,No reason provided,215,18,39.48031044006348
2025-08-21T07:34:23.207698,Qwen_Qwen3-1.7B_Qwen_Qwen3-14B,boiled_corn_slices,experiment_2025-08-19_10-47-41_player0_Qwen_Qwen3-1.7B_player1_Qwen_Qwen3-14B_boiled_corn_slices.json,fuzzy_hierarchy,0,0,No reason provided,435,18,40.18095111846924
2025-08-21T07:34:45.193497,Qwen_Qwen3-1.7B_Qwen_Qwen3-14B,boiled_green_bean_slices,experiment_2025-08-19_07-39-04_player0_Qwen_Qwen3-1.7B_player1_Qwen_Qwen3-14B_boiled_green_bean_slices.json,fuzzy_hierarchy,0,0,No reason provided,97,18,19.977893829345703
2025-08-21T07:35:10.835757,Qwen_Qwen3-1.7B_Qwen_Qwen3-14B,boiled_green_bean_slices,experiment_2025-08-19_07-27-08_player0_Qwen_Qwen3-1.7B_player1_Qwen_Qwen3-14B_boiled_green_bean_slices.json,fuzzy_hierarchy,0,0,No reason provided,118,18,23.636976718902588
2025-08-21T07:35:39.973468,Qwen_Qwen3-1.7B_Qwen_Qwen3-14B,boiled_green_bean_slices,experiment_2025-08-19_07-07-22_player0_Qwen_Qwen3-1.7B_player1_Qwen_Qwen3-14B_boiled_green_bean_slices.json,fuzzy_hierarchy,0,0,No reason provided,95,18,27.13245987892151
2025-08-21T07:35:59.773667,Qwen_Qwen3-1.7B_Qwen_Qwen3-14B,boiled_green_bean_slices,experiment_2025-08-19_07-18-06_player0_Qwen_Qwen3-1.7B_player1_Qwen_Qwen3-14B_boiled_green_bean_slices.json,fuzzy_hierarchy,0,0,No reason provided,94,18,17.795027256011963
2025-08-21T07:36:24.046619,Qwen_Qwen3-1.7B_Qwen_Qwen3-14B,boiled_green_bean_slices,experiment_2025-08-19_06-14-20_player0_Qwen_Qwen3-1.7B_player1_Qwen_Qwen3-14B_boiled_green_bean_slices.json,fuzzy_hierarchy,0,0,No reason provided,551,18,22.268064975738525
2025-08-21T07:36:46.057423,Qwen_Qwen3-1.7B_Qwen_Qwen3-14B,boiled_green_bean_slices,experiment_2025-08-19_04-52-18_player0_Qwen_Qwen3-1.7B_player1_Qwen_Qwen3-14B_boiled_green_bean_slices.json,fuzzy_hierarchy,0,0,No reason provided,574,18,20.00475811958313
2025-08-21T07:37:21.259022,Qwen_Qwen3-1.7B_Qwen_Qwen3-14B,boiled_green_bean_slices,experiment_2025-08-19_05-47-33_player0_Qwen_Qwen3-1.7B_player1_Qwen_Qwen3-14B_boiled_green_bean_slices.json,fuzzy_hierarchy,0,0,No reason provided,73,18,33.195244550704956
2025-08-21T07:38:34.415039,Qwen_Qwen3-1.7B_Qwen_Qwen3-14B,boiled_green_bean_slices,experiment_2025-08-19_06-04-35_player0_Qwen_Qwen3-1.7B_player1_Qwen_Qwen3-14B_boiled_green_bean_slices.json,fuzzy_hierarchy,0,0,No reason provided,95,18,71.15088748931885
2025-08-21T07:39:16.098092,Qwen_Qwen3-1.7B_Qwen_Qwen3-14B,boiled_green_bean_slices,experiment_2025-08-19_07-48-25_player0_Qwen_Qwen3-1.7B_player1_Qwen_Qwen3-14B_boiled_green_bean_slices.json,fuzzy_hierarchy,0,0,No reason provided,85,18,39.67776036262512
2025-08-21T07:39:43.653601,Qwen_Qwen3-1.7B_Qwen_Qwen3-14B,boiled_green_bean_slices,experiment_2025-08-19_05-53-36_player0_Qwen_Qwen3-1.7B_player1_Qwen_Qwen3-14B_boiled_green_bean_slices.json,fuzzy_hierarchy,0,0,No reason provided,113,18,25.55030870437622
2025-08-21T07:40:03.724508,Qwen_Qwen3-1.7B_Qwen_Qwen3-8B,baked_pumpkin_slices,experiment_2025-08-19_06-46-30_player0_Qwen_Qwen3-1.7B_player1_Qwen_Qwen3-8B_baked_pumpkin_slices.json,fuzzy_hierarchy,0,0,No reason provided,41,18,18.06175947189331
2025-08-21T07:40:44.701292,Qwen_Qwen3-1.7B_Qwen_Qwen3-8B,baked_pumpkin_slices,experiment_2025-08-19_08-03-06_player0_Qwen_Qwen3-1.7B_player1_Qwen_Qwen3-8B_baked_pumpkin_slices.json,fuzzy_hierarchy,0,0,No reason provided,517,18,38.97120761871338
2025-08-21T07:41:19.910747,Qwen_Qwen3-1.7B_Qwen_Qwen3-8B,baked_pumpkin_slices,experiment_2025-08-19_08-49-27_player0_Qwen_Qwen3-1.7B_player1_Qwen_Qwen3-8B_baked_pumpkin_slices.json,fuzzy_hierarchy,0,0,No reason provided,109,18,33.202558279037476
2025-08-21T07:41:54.183349,Qwen_Qwen3-1.7B_Qwen_Qwen3-8B,baked_pumpkin_slices,experiment_2025-08-19_07-52-47_player0_Qwen_Qwen3-1.7B_player1_Qwen_Qwen3-8B_baked_pumpkin_slices.json,fuzzy_hierarchy,0,0,No reason provided,129,18,32.26751160621643
2025-08-21T07:42:22.059523,Qwen_Qwen3-1.7B_Qwen_Qwen3-8B,baked_pumpkin_slices,experiment_2025-08-19_08-38-31_player0_Qwen_Qwen3-1.7B_player1_Qwen_Qwen3-8B_baked_pumpkin_slices.json,fuzzy_hierarchy,0,0,No reason provided,143,18,25.871033191680908
2025-08-21T07:42:39.936559,Qwen_Qwen3-1.7B_Qwen_Qwen3-8B,baked_pumpkin_slices,experiment_2025-08-19_07-04-17_player0_Qwen_Qwen3-1.7B_player1_Qwen_Qwen3-8B_baked_pumpkin_slices.json,fuzzy_hierarchy,0,0,No reason provided,146,18,15.872019052505493
2025-08-21T07:43:16.148124,Qwen_Qwen3-1.7B_Qwen_Qwen3-8B,baked_pumpkin_slices,experiment_2025-08-19_07-14-14_player0_Qwen_Qwen3-1.7B_player1_Qwen_Qwen3-8B_baked_pumpkin_slices.json,fuzzy_hierarchy,0,0,No reason provided,591,18,34.20632815361023
2025-08-21T07:43:49.338337,Qwen_Qwen3-1.7B_Qwen_Qwen3-8B,baked_pumpkin_slices,experiment_2025-08-19_06-49-42_player0_Qwen_Qwen3-1.7B_player1_Qwen_Qwen3-8B_baked_pumpkin_slices.json,fuzzy_hierarchy,0,0,No reason provided,103,18,31.1843421459198
2025-08-21T07:45:02.265085,Qwen_Qwen3-1.7B_Qwen_Qwen3-8B,baked_pumpkin_slices,experiment_2025-08-19_07-13-28_player0_Qwen_Qwen3-1.7B_player1_Qwen_Qwen3-8B_baked_pumpkin_slices.json,fuzzy_hierarchy,0,0,No reason provided,6,6,70.92168545722961
2025-08-21T07:45:26.416583,Qwen_Qwen3-1.7B_Qwen_Qwen3-8B,baked_pumpkin_slices,experiment_2025-08-19_06-57-19_player0_Qwen_Qwen3-1.7B_player1_Qwen_Qwen3-8B_baked_pumpkin_slices.json,fuzzy_hierarchy,0,0,No reason provided,102,18,22.146093368530273
2025-08-21T07:45:49.637887,Qwen_Qwen3-1.7B_Qwen_Qwen3-8B,boiled_green_bean_slices,experiment_2025-08-19_07-12-27_player0_Qwen_Qwen3-1.7B_player1_Qwen_Qwen3-8B_boiled_green_bean_slices.json,fuzzy_hierarchy,0,0,No reason provided,42,18,21.21409273147583
2025-08-21T07:46:26.559490,Qwen_Qwen3-1.7B_Qwen_Qwen3-8B,boiled_green_bean_slices,experiment_2025-08-19_04-52-18_player0_Qwen_Qwen3-1.7B_player1_Qwen_Qwen3-8B_boiled_green_bean_slices.json,no_hierarchy,0,0,No reason provided,244,18,34.91612958908081
2025-08-21T07:47:04.736313,Qwen_Qwen3-1.7B_Qwen_Qwen3-8B,boiled_green_bean_slices,experiment_2025-08-19_06-33-06_player0_Qwen_Qwen3-1.7B_player1_Qwen_Qwen3-8B_boiled_green_bean_slices.json,fuzzy_hierarchy,0,0,No reason provided,590,18,36.14344143867493
2025-08-21T07:48:29.683065,Qwen_Qwen3-1.7B_Qwen_Qwen3-8B,boiled_green_bean_slices,experiment_2025-08-19_05-53-23_player0_Qwen_Qwen3-1.7B_player1_Qwen_Qwen3-8B_boiled_green_bean_slices.json,fuzzy_hierarchy,0,0,No reason provided,423,18,82.94062876701355
2025-08-21T07:48:53.500172,Qwen_Qwen3-1.7B_Qwen_Qwen3-8B,boiled_green_bean_slices,experiment_2025-08-19_05-51-46_player0_Qwen_Qwen3-1.7B_player1_Qwen_Qwen3-8B_boiled_green_bean_slices.json,no_hierarchy,0,0,No reason provided,15,15,21.81131863594055
2025-08-21T07:49:14.860980,Qwen_Qwen3-1.7B_Qwen_Qwen3-8B,boiled_green_bean_slices,experiment_2025-08-19_07-15-42_player0_Qwen_Qwen3-1.7B_player1_Qwen_Qwen3-8B_boiled_green_bean_slices.json,clear_hierarchy,1,0,No reason provided,66,18,19.354862213134766
2025-08-21T07:49:47.531750,Qwen_Qwen3-1.7B_Qwen_Qwen3-8B,boiled_green_bean_slices,experiment_2025-08-19_06-22-58_player0_Qwen_Qwen3-1.7B_player1_Qwen_Qwen3-8B_boiled_green_bean_slices.json,fuzzy_hierarchy,0,0,No reason provided,148,18,30.6653151512146
2025-08-21T07:50:22.311254,Qwen_Qwen3-1.7B_Qwen_Qwen3-8B,boiled_green_bean_slices,experiment_2025-08-19_07-28-37_player0_Qwen_Qwen3-1.7B_player1_Qwen_Qwen3-8B_boiled_green_bean_slices.json,fuzzy_hierarchy,0,0,No reason provided,124,18,32.77452826499939
2025-08-21T07:51:46.005700,Qwen_Qwen3-1.7B_Qwen_Qwen3-8B,boiled_green_bean_slices,experiment_2025-08-19_07-20-22_player0_Qwen_Qwen3-1.7B_player1_Qwen_Qwen3-8B_boiled_green_bean_slices.json,fuzzy_hierarchy,0,0,No reason provided,113,18,81.68934154510498
2025-08-21T07:52:17.607862,Qwen_Qwen3-1.7B_Qwen_Qwen3-8B,boiled_green_bean_slices,experiment_2025-08-19_05-11-48_player0_Qwen_Qwen3-1.7B_player1_Qwen_Qwen3-8B_boiled_green_bean_slices.json,no_hierarchy,0,0,No reason provided,610,18,29.59660530090332
2025-08-21T07:52:46.828083,Qwen_Qwen3-1.7B_Qwen_Qwen3-8B,boiled_corn_slices,experiment_2025-08-19_10-42-16_player0_Qwen_Qwen3-1.7B_player1_Qwen_Qwen3-8B_boiled_corn_slices.json,fuzzy_hierarchy,0,0,No reason provided,311,18,27.21180486679077
2025-08-21T07:53:17.129470,Qwen_Qwen3-1.7B_Qwen_Qwen3-8B,boiled_corn_slices,experiment_2025-08-19_09-44-34_player0_Qwen_Qwen3-1.7B_player1_Qwen_Qwen3-8B_boiled_corn_slices.json,no_hierarchy,0,0,No reason provided,171,18,28.295629739761353
2025-08-21T07:53:51.539262,Qwen_Qwen3-1.7B_Qwen_Qwen3-8B,boiled_corn_slices,experiment_2025-08-19_09-08-14_player0_Qwen_Qwen3-1.7B_player1_Qwen_Qwen3-8B_boiled_corn_slices.json,fuzzy_hierarchy,0,0,No reason provided,113,18,32.40410327911377
2025-08-21T07:54:17.162647,Qwen_Qwen3-1.7B_Qwen_Qwen3-8B,boiled_corn_slices,experiment_2025-08-19_09-24-32_player0_Qwen_Qwen3-1.7B_player1_Qwen_Qwen3-8B_boiled_corn_slices.json,no_hierarchy,0,0,No reason provided,101,18,23.6182222366333
2025-08-21T07:55:13.310952,Qwen_Qwen3-1.7B_Qwen_Qwen3-8B,boiled_corn_slices,experiment_2025-08-19_09-15-50_player0_Qwen_Qwen3-1.7B_player1_Qwen_Qwen3-8B_boiled_corn_slices.json,fuzzy_hierarchy,0,0,No reason provided,127,18,54.14337110519409
2025-08-21T07:55:57.381343,Qwen_Qwen3-1.7B_Qwen_Qwen3-8B,boiled_corn_slices,experiment_2025-08-19_09-57-17_player0_Qwen_Qwen3-1.7B_player1_Qwen_Qwen3-8B_boiled_corn_slices.json,fuzzy_hierarchy,0,0,No reason provided,91,18,42.06519436836243
2025-08-21T07:56:23.714788,Qwen_Qwen3-1.7B_Qwen_Qwen3-8B,boiled_corn_slices,experiment_2025-08-19_10-05-11_player0_Qwen_Qwen3-1.7B_player1_Qwen_Qwen3-8B_boiled_corn_slices.json,fuzzy_hierarchy,0,0,No reason provided,505,18,24.32793641090393
2025-08-21T07:56:50.316715,Qwen_Qwen3-1.7B_Qwen_Qwen3-8B,boiled_corn_slices,experiment_2025-08-19_08-56-39_player0_Qwen_Qwen3-1.7B_player1_Qwen_Qwen3-8B_boiled_corn_slices.json,fuzzy_hierarchy,0,0,No reason provided,157,18,24.59509253501892
2025-08-21T07:57:34.019443,Qwen_Qwen3-1.7B_Qwen_Qwen3-8B,boiled_corn_slices,experiment_2025-08-19_09-30-56_player0_Qwen_Qwen3-1.7B_player1_Qwen_Qwen3-8B_boiled_corn_slices.json,fuzzy_hierarchy,0,0,No reason provided,198,18,41.696887493133545
2025-08-21T07:57:58.606375,Qwen_Qwen3-1.7B_Qwen_Qwen3-8B,boiled_corn_slices,experiment_2025-08-19_10-38-23_player0_Qwen_Qwen3-1.7B_player1_Qwen_Qwen3-8B_boiled_corn_slices.json,clear_hierarchy,1,0,No reason provided,57,18,22.581541061401367
2025-08-21T07:58:24.783453,Qwen_Qwen3-1.7B_Qwen_Qwen3-8B,boiled_potato_slices,experiment_2025-08-19_07-44-26_player0_Qwen_Qwen3-1.7B_player1_Qwen_Qwen3-8B_boiled_potato_slices.json,fuzzy_hierarchy,0,0,No reason provided,292,18,24.16949963569641
2025-08-21T07:58:55.193245,Qwen_Qwen3-1.7B_Qwen_Qwen3-8B,boiled_potato_slices,experiment_2025-08-19_09-40-33_player0_Qwen_Qwen3-1.7B_player1_Qwen_Qwen3-8B_boiled_potato_slices.json,fuzzy_hierarchy,0,0,No reason provided,269,18,28.40409779548645
2025-08-21T07:59:25.781766,Qwen_Qwen3-1.7B_Qwen_Qwen3-8B,boiled_potato_slices,experiment_2025-08-19_09-00-04_player0_Qwen_Qwen3-1.7B_player1_Qwen_Qwen3-8B_boiled_potato_slices.json,fuzzy_hierarchy,0,0,No reason provided,278,18,28.582931518554688
2025-08-21T07:59:52.336120,Qwen_Qwen3-1.7B_Qwen_Qwen3-8B,boiled_potato_slices,experiment_2025-08-19_09-22-13_player0_Qwen_Qwen3-1.7B_player1_Qwen_Qwen3-8B_boiled_potato_slices.json,fuzzy_hierarchy,0,0,No reason provided,200,18,24.548603773117065
2025-08-21T08:01:21.215103,Qwen_Qwen3-1.7B_Qwen_Qwen3-8B,boiled_potato_slices,experiment_2025-08-19_08-47-26_player0_Qwen_Qwen3-1.7B_player1_Qwen_Qwen3-8B_boiled_potato_slices.json,fuzzy_hierarchy,0,0,No reason provided,150,18,86.87350583076477
2025-08-21T08:02:50.155315,Qwen_Qwen3-1.7B_Qwen_Qwen3-8B,boiled_potato_slices,experiment_2025-08-19_09-38-03_player0_Qwen_Qwen3-1.7B_player1_Qwen_Qwen3-8B_boiled_potato_slices.json,fuzzy_hierarchy,0,0,No reason provided,29,18,86.93466806411743
2025-08-21T08:03:30.031175,Qwen_Qwen3-1.7B_Qwen_Qwen3-8B,boiled_potato_slices,experiment_2025-08-19_07-37-06_player0_Qwen_Qwen3-1.7B_player1_Qwen_Qwen3-8B_boiled_potato_slices.json,fuzzy_hierarchy,0,0,No reason provided,113,18,37.87082290649414
2025-08-21T08:03:53.724433,Qwen_Qwen3-1.7B_Qwen_Qwen3-8B,boiled_potato_slices,experiment_2025-08-19_09-21-01_player0_Qwen_Qwen3-1.7B_player1_Qwen_Qwen3-8B_boiled_potato_slices.json,fuzzy_hierarchy,0,0,No reason provided,12,12,21.688308477401733
2025-08-21T08:04:59.475890,Qwen_Qwen3-1.7B_Qwen_Qwen3-8B,boiled_potato_slices,experiment_2025-08-19_08-05-25_player0_Qwen_Qwen3-1.7B_player1_Qwen_Qwen3-8B_boiled_potato_slices.json,fuzzy_hierarchy,0,0,No reason provided,290,18,63.74608302116394
2025-08-21T08:05:32.357817,Qwen_Qwen3-1.7B_Qwen_Qwen3-8B,boiled_potato_slices,experiment_2025-08-19_08-26-13_player0_Qwen_Qwen3-1.7B_player1_Qwen_Qwen3-8B_boiled_potato_slices.json,fuzzy_hierarchy,0,0,No reason provided,255,18,30.875516414642334
2025-08-21T08:06:05.362473,Qwen_Qwen3-32B_Qwen_Qwen3-14B,boiled_potato_slices,experiment_2025-08-19_10-07-34_player0_Qwen_Qwen3-32B_player1_Qwen_Qwen3-14B_boiled_potato_slices.json,fuzzy_hierarchy,0,0,No reason provided,211,18,30.99565291404724
2025-08-21T08:06:35.292224,Qwen_Qwen3-32B_Qwen_Qwen3-14B,boiled_potato_slices,experiment_2025-08-19_10-00-08_player0_Qwen_Qwen3-32B_player1_Qwen_Qwen3-14B_boiled_potato_slices.json,clear_hierarchy,0,1,No reason provided,47,18,27.924288034439087
2025-08-21T08:07:01.521400,Qwen_Qwen3-32B_Qwen_Qwen3-14B,boiled_potato_slices,experiment_2025-08-19_09-17-15_player0_Qwen_Qwen3-32B_player1_Qwen_Qwen3-14B_boiled_potato_slices.json,fuzzy_hierarchy,0,0,No reason provided,37,18,24.222652435302734
2025-08-21T08:08:04.523458,Qwen_Qwen3-32B_Qwen_Qwen3-14B,boiled_potato_slices,experiment_2025-08-19_10-40-29_player0_Qwen_Qwen3-32B_player1_Qwen_Qwen3-14B_boiled_potato_slices.json,fuzzy_hierarchy,0,0,No reason provided,41,18,60.99628400802612
2025-08-21T08:08:44.782672,Qwen_Qwen3-32B_Qwen_Qwen3-14B,boiled_potato_slices,experiment_2025-08-19_09-22-44_player0_Qwen_Qwen3-32B_player1_Qwen_Qwen3-14B_boiled_potato_slices.json,fuzzy_hierarchy,0,0,No reason provided,75,18,38.253549098968506
2025-08-21T08:09:09.711149,Qwen_Qwen3-32B_Qwen_Qwen3-14B,boiled_potato_slices,experiment_2025-08-19_08-53-36_player0_Qwen_Qwen3-32B_player1_Qwen_Qwen3-14B_boiled_potato_slices.json,fuzzy_hierarchy,0,0,No reason provided,163,18,22.923288822174072
2025-08-21T08:10:48.475029,Qwen_Qwen3-32B_Qwen_Qwen3-14B,boiled_potato_slices,experiment_2025-08-19_09-53-20_player0_Qwen_Qwen3-32B_player1_Qwen_Qwen3-14B_boiled_potato_slices.json,fuzzy_hierarchy,0,0,No reason provided,45,18,96.75724864006042
2025-08-21T08:11:12.692933,Qwen_Qwen3-32B_Qwen_Qwen3-14B,boiled_potato_slices,experiment_2025-08-19_08-38-40_player0_Qwen_Qwen3-32B_player1_Qwen_Qwen3-14B_boiled_potato_slices.json,fuzzy_hierarchy,0,0,No reason provided,91,18,22.211856365203857
2025-08-21T08:11:40.648092,Qwen_Qwen3-32B_Qwen_Qwen3-14B,boiled_potato_slices,experiment_2025-08-19_09-34-12_player0_Qwen_Qwen3-32B_player1_Qwen_Qwen3-14B_boiled_potato_slices.json,fuzzy_hierarchy,0,0,No reason provided,86,18,25.94994592666626
2025-08-21T08:12:14.837246,Qwen_Qwen3-32B_Qwen_Qwen3-14B,boiled_potato_slices,experiment_2025-08-19_09-48-09_player0_Qwen_Qwen3-32B_player1_Qwen_Qwen3-14B_boiled_potato_slices.json,fuzzy_hierarchy,0,0,No reason provided,32,18,32.18301486968994
2025-08-21T08:12:57.649047,Qwen_Qwen3-32B_Qwen_Qwen3-14B,boiled_corn_slices,experiment_2025-08-19_06-31-49_player0_Qwen_Qwen3-32B_player1_Qwen_Qwen3-14B_boiled_corn_slices.json,fuzzy_hierarchy,0,0,No reason provided,44,18,40.80426478385925
2025-08-21T08:13:50.759642,Qwen_Qwen3-32B_Qwen_Qwen3-14B,boiled_corn_slices,experiment_2025-08-19_05-50-51_player0_Qwen_Qwen3-32B_player1_Qwen_Qwen3-14B_boiled_corn_slices.json,fuzzy_hierarchy,0,0,No reason provided,227,18,51.10476994514465
2025-08-21T08:14:21.010325,Qwen_Qwen3-32B_Qwen_Qwen3-14B,boiled_corn_slices,experiment_2025-08-19_06-38-53_player0_Qwen_Qwen3-32B_player1_Qwen_Qwen3-14B_boiled_corn_slices.json,fuzzy_hierarchy,0,0,No reason provided,130,18,28.243966817855835
2025-08-21T08:14:47.840431,Qwen_Qwen3-32B_Qwen_Qwen3-14B,boiled_corn_slices,experiment_2025-08-19_05-02-16_player0_Qwen_Qwen3-32B_player1_Qwen_Qwen3-14B_boiled_corn_slices.json,fuzzy_hierarchy,0,0,No reason provided,161,18,24.82491183280945
2025-08-21T08:15:12.922897,Qwen_Qwen3-32B_Qwen_Qwen3-14B,boiled_corn_slices,experiment_2025-08-19_05-32-58_player0_Qwen_Qwen3-32B_player1_Qwen_Qwen3-14B_boiled_corn_slices.json,clear_hierarchy,1,0,No reason provided,103,18,23.077446222305298
2025-08-21T08:16:18.801530,Qwen_Qwen3-32B_Qwen_Qwen3-14B,boiled_corn_slices,experiment_2025-08-19_05-24-28_player0_Qwen_Qwen3-32B_player1_Qwen_Qwen3-14B_boiled_corn_slices.json,fuzzy_hierarchy,0,0,No reason provided,61,18,63.84495806694031
2025-08-21T08:16:48.512354,Qwen_Qwen3-32B_Qwen_Qwen3-14B,boiled_corn_slices,experiment_2025-08-19_04-53-50_player0_Qwen_Qwen3-32B_player1_Qwen_Qwen3-14B_boiled_corn_slices.json,clear_hierarchy,1,0,No reason provided,59,18,27.70533514022827
2025-08-21T08:17:09.000910,Qwen_Qwen3-32B_Qwen_Qwen3-14B,boiled_corn_slices,experiment_2025-08-19_04-52-18_player0_Qwen_Qwen3-32B_player1_Qwen_Qwen3-14B_boiled_corn_slices.json,clear_hierarchy,1,0,No reason provided,10,10,18.48348355293274
2025-08-21T08:17:37.449451,Qwen_Qwen3-32B_Qwen_Qwen3-14B,boiled_corn_slices,experiment_2025-08-19_06-24-20_player0_Qwen_Qwen3-32B_player1_Qwen_Qwen3-14B_boiled_corn_slices.json,fuzzy_hierarchy,0,0,No reason provided,47,18,26.443084239959717
2025-08-21T08:18:12.504339,Qwen_Qwen3-32B_Qwen_Qwen3-14B,boiled_corn_slices,experiment_2025-08-19_05-47-24_player0_Qwen_Qwen3-32B_player1_Qwen_Qwen3-14B_boiled_corn_slices.json,clear_hierarchy,1,0,No reason provided,25,18,33.05013108253479
2025-08-21T08:18:51.974980,Qwen_Qwen3-32B_Qwen_Qwen3-14B,baked_pumpkin_slices,experiment_2025-08-19_15-51-41_player0_Qwen_Qwen3-32B_player1_Qwen_Qwen3-14B_baked_pumpkin_slices.json,fuzzy_hierarchy,0,0,No reason provided,94,18,37.46311664581299
2025-08-21T08:19:11.599072,Qwen_Qwen3-32B_Qwen_Qwen3-14B,baked_pumpkin_slices,experiment_2025-08-19_17-39-32_player0_Qwen_Qwen3-32B_player1_Qwen_Qwen3-14B_baked_pumpkin_slices.json,fuzzy_hierarchy,0,0,No reason provided,134,18,17.618125677108765
2025-08-21T08:19:40.607333,Qwen_Qwen3-32B_Qwen_Qwen3-14B,baked_pumpkin_slices,experiment_2025-08-19_15-30-40_player0_Qwen_Qwen3-32B_player1_Qwen_Qwen3-14B_baked_pumpkin_slices.json,fuzzy_hierarchy,0,0,No reason provided,178,18,27.00287652015686
2025-08-21T08:20:05.653374,Qwen_Qwen3-32B_Qwen_Qwen3-14B,baked_pumpkin_slices,experiment_2025-08-19_16-16-47_player0_Qwen_Qwen3-32B_player1_Qwen_Qwen3-14B_baked_pumpkin_slices.json,clear_hierarchy,1,0,No reason provided,224,18,23.039329051971436
2025-08-21T08:20:35.733366,Qwen_Qwen3-32B_Qwen_Qwen3-14B,baked_pumpkin_slices,experiment_2025-08-19_16-04-59_player0_Qwen_Qwen3-32B_player1_Qwen_Qwen3-14B_baked_pumpkin_slices.json,fuzzy_hierarchy,0,0,No reason provided,114,18,28.074082851409912
2025-08-21T08:21:19.952919,Qwen_Qwen3-32B_Qwen_Qwen3-14B,baked_pumpkin_slices,experiment_2025-08-19_16-46-33_player0_Qwen_Qwen3-32B_player1_Qwen_Qwen3-14B_baked_pumpkin_slices.json,fuzzy_hierarchy,0,0,No reason provided,82,18,42.21356439590454
2025-08-21T08:21:51.716401,Qwen_Qwen3-32B_Qwen_Qwen3-14B,baked_pumpkin_slices,experiment_2025-08-19_16-55-41_player0_Qwen_Qwen3-32B_player1_Qwen_Qwen3-14B_baked_pumpkin_slices.json,fuzzy_hierarchy,0,0,No reason provided,226,18,29.758053064346313
2025-08-21T08:22:18.253721,Qwen_Qwen3-32B_Qwen_Qwen3-14B,baked_pumpkin_slices,experiment_2025-08-19_17-22-48_player0_Qwen_Qwen3-32B_player1_Qwen_Qwen3-14B_baked_pumpkin_slices.json,fuzzy_hierarchy,0,0,No reason provided,130,18,24.53066086769104
2025-08-21T08:22:41.596727,Qwen_Qwen3-32B_Qwen_Qwen3-14B,baked_pumpkin_slices,experiment_2025-08-19_16-43-58_player0_Qwen_Qwen3-32B_player1_Qwen_Qwen3-14B_baked_pumpkin_slices.json,fuzzy_hierarchy,0,0,No reason provided,20,18,21.337644815444946
2025-08-21T08:23:18.882458,Qwen_Qwen3-32B_Qwen_Qwen3-14B,baked_pumpkin_slices,experiment_2025-08-19_15-20-39_player0_Qwen_Qwen3-32B_player1_Qwen_Qwen3-14B_baked_pumpkin_slices.json,fuzzy_hierarchy,0,0,No reason provided,81,18,35.278767585754395
2025-08-21T08:23:48.315410,Qwen_Qwen3-32B_Qwen_Qwen3-14B,boiled_green_bean_slices,experiment_2025-08-19_08-32-21_player0_Qwen_Qwen3-32B_player1_Qwen_Qwen3-14B_boiled_green_bean_slices.json,fuzzy_hierarchy,0,0,No reason provided,41,18,27.42440128326416
2025-08-21T08:24:17.312789,Qwen_Qwen3-32B_Qwen_Qwen3-14B,boiled_green_bean_slices,experiment_2025-08-19_07-17-59_player0_Qwen_Qwen3-32B_player1_Qwen_Qwen3-14B_boiled_green_bean_slices.json,clear_hierarchy,1,0,No reason provided,118,18,26.991779088974
2025-08-21T08:24:52.143891,Qwen_Qwen3-32B_Qwen_Qwen3-14B,boiled_green_bean_slices,experiment_2025-08-19_08-08-24_player0_Qwen_Qwen3-32B_player1_Qwen_Qwen3-14B_boiled_green_bean_slices.json,fuzzy_hierarchy,0,0,No reason provided,68,18,32.82542610168457
2025-08-21T08:25:14.300735,Qwen_Qwen3-32B_Qwen_Qwen3-14B,boiled_green_bean_slices,experiment_2025-08-19_07-36-06_player0_Qwen_Qwen3-32B_player1_Qwen_Qwen3-14B_boiled_green_bean_slices.json,fuzzy_hierarchy,0,0,No reason provided,86,18,20.103009939193726
2025-08-21T08:25:50.787677,Qwen_Qwen3-32B_Qwen_Qwen3-14B,boiled_green_bean_slices,experiment_2025-08-19_08-18-56_player0_Qwen_Qwen3-32B_player1_Qwen_Qwen3-14B_boiled_green_bean_slices.json,clear_hierarchy,1,0,No reason provided,85,18,34.48096179962158
2025-08-21T08:26:36.912802,Qwen_Qwen3-32B_Qwen_Qwen3-14B,boiled_green_bean_slices,experiment_2025-08-19_07-52-01_player0_Qwen_Qwen3-32B_player1_Qwen_Qwen3-14B_boiled_green_bean_slices.json,fuzzy_hierarchy,0,0,No reason provided,42,18,44.11789321899414
2025-08-21T08:26:59.445733,Qwen_Qwen3-32B_Qwen_Qwen3-14B,boiled_green_bean_slices,experiment_2025-08-19_07-59-10_player0_Qwen_Qwen3-32B_player1_Qwen_Qwen3-14B_boiled_green_bean_slices.json,fuzzy_hierarchy,0,0,No reason provided,63,18,20.527132034301758
2025-08-21T08:27:29.047484,Qwen_Qwen3-32B_Qwen_Qwen3-14B,boiled_green_bean_slices,experiment_2025-08-19_06-58-30_player0_Qwen_Qwen3-32B_player1_Qwen_Qwen3-14B_boiled_green_bean_slices.json,fuzzy_hierarchy,0,0,No reason provided,100,18,27.596336364746094
2025-08-21T08:27:58.904448,Qwen_Qwen3-32B_Qwen_Qwen3-14B,boiled_green_bean_slices,experiment_2025-08-19_07-13-11_player0_Qwen_Qwen3-32B_player1_Qwen_Qwen3-14B_boiled_green_bean_slices.json,no_hierarchy,0,0,No reason provided,32,18,27.85169506072998
2025-08-21T08:28:38.110392,Qwen_Qwen3-32B_Qwen_Qwen3-14B,boiled_green_bean_slices,experiment_2025-08-19_07-49-06_player0_Qwen_Qwen3-32B_player1_Qwen_Qwen3-14B_boiled_green_bean_slices.json,fuzzy_hierarchy,0,0,No reason provided,18,18,37.20039629936218
2025-08-21T08:29:07.607302,Qwen_Qwen3-8B_Qwen_Qwen3-1.7B,baked_pumpkin_slices,experiment_2025-08-19_13-23-23_player0_Qwen_Qwen3-8B_player1_Qwen_Qwen3-1.7B_baked_pumpkin_slices.json,fuzzy_hierarchy,0,0,No reason provided,486,18,27.48759651184082
2025-08-21T08:29:31.748601,Qwen_Qwen3-8B_Qwen_Qwen3-1.7B,baked_pumpkin_slices,experiment_2025-08-19_10-08-21_player0_Qwen_Qwen3-8B_player1_Qwen_Qwen3-1.7B_baked_pumpkin_slices.json,fuzzy_hierarchy,0,0,No reason provided,604,18,22.135759115219116
2025-08-21T08:30:03.890875,Qwen_Qwen3-8B_Qwen_Qwen3-1.7B,baked_pumpkin_slices,experiment_2025-08-19_09-30-00_player0_Qwen_Qwen3-8B_player1_Qwen_Qwen3-1.7B_baked_pumpkin_slices.json,fuzzy_hierarchy,0,0,No reason provided,594,18,30.136386394500732
2025-08-21T08:30:50.957054,Qwen_Qwen3-8B_Qwen_Qwen3-1.7B,baked_pumpkin_slices,experiment_2025-08-19_09-27-37_player0_Qwen_Qwen3-8B_player1_Qwen_Qwen3-1.7B_baked_pumpkin_slices.json,fuzzy_hierarchy,0,0,No reason provided,30,18,45.06030821800232
2025-08-21T08:31:21.428900,Qwen_Qwen3-8B_Qwen_Qwen3-1.7B,baked_pumpkin_slices,experiment_2025-08-19_11-56-18_player0_Qwen_Qwen3-8B_player1_Qwen_Qwen3-1.7B_baked_pumpkin_slices.json,fuzzy_hierarchy,0,0,No reason provided,18,18,28.466254234313965
2025-08-21T08:32:29.752852,Qwen_Qwen3-8B_Qwen_Qwen3-1.7B,baked_pumpkin_slices,experiment_2025-08-19_09-19-14_player0_Qwen_Qwen3-8B_player1_Qwen_Qwen3-1.7B_baked_pumpkin_slices.json,fuzzy_hierarchy,0,0,No reason provided,113,18,66.31810736656189
2025-08-21T08:32:58.608662,Qwen_Qwen3-8B_Qwen_Qwen3-1.7B,baked_pumpkin_slices,experiment_2025-08-19_12-37-33_player0_Qwen_Qwen3-8B_player1_Qwen_Qwen3-1.7B_baked_pumpkin_slices.json,fuzzy_hierarchy,0,0,No reason provided,688,18,26.849947929382324
2025-08-21T08:33:28.092962,Qwen_Qwen3-8B_Qwen_Qwen3-1.7B,baked_pumpkin_slices,experiment_2025-08-19_11-57-46_player0_Qwen_Qwen3-8B_player1_Qwen_Qwen3-1.7B_baked_pumpkin_slices.json,fuzzy_hierarchy,0,0,No reason provided,625,18,27.47784447669983
2025-08-21T08:34:32.127349,Qwen_Qwen3-8B_Qwen_Qwen3-1.7B,baked_pumpkin_slices,experiment_2025-08-19_11-19-44_player0_Qwen_Qwen3-8B_player1_Qwen_Qwen3-1.7B_baked_pumpkin_slices.json,fuzzy_hierarchy,0,0,No reason provided,556,18,62.02520036697388
2025-08-21T08:35:03.209716,Qwen_Qwen3-8B_Qwen_Qwen3-1.7B,baked_pumpkin_slices,experiment_2025-08-19_10-47-36_player0_Qwen_Qwen3-8B_player1_Qwen_Qwen3-1.7B_baked_pumpkin_slices.json,fuzzy_hierarchy,0,0,No reason provided,483,18,29.075773239135742
2025-08-21T08:36:12.996289,Qwen_Qwen3-8B_Qwen_Qwen3-1.7B,boiled_green_bean_slices,experiment_2025-08-19_14-11-06_player0_Qwen_Qwen3-8B_player1_Qwen_Qwen3-1.7B_boiled_green_bean_slices.json,fuzzy_hierarchy,0,0,No reason provided,510,18,67.77822375297546
2025-08-21T08:36:32.790142,Qwen_Qwen3-8B_Qwen_Qwen3-1.7B,boiled_green_bean_slices,experiment_2025-08-19_14-08-19_player0_Qwen_Qwen3-8B_player1_Qwen_Qwen3-1.7B_boiled_green_bean_slices.json,fuzzy_hierarchy,0,0,No reason provided,43,18,17.7869234085083
2025-08-21T08:37:02.798783,Qwen_Qwen3-8B_Qwen_Qwen3-1.7B,boiled_green_bean_slices,experiment_2025-08-19_11-20-07_player0_Qwen_Qwen3-8B_player1_Qwen_Qwen3-1.7B_boiled_green_bean_slices.json,fuzzy_hierarchy,0,0,No reason provided,535,18,28.00200843811035
2025-08-21T08:37:29.800638,Qwen_Qwen3-8B_Qwen_Qwen3-1.7B,boiled_green_bean_slices,experiment_2025-08-19_13-04-58_player0_Qwen_Qwen3-8B_player1_Qwen_Qwen3-1.7B_boiled_green_bean_slices.json,fuzzy_hierarchy,0,0,No reason provided,214,18,24.994978666305542
2025-08-21T08:37:58.237586,Qwen_Qwen3-8B_Qwen_Qwen3-1.7B,boiled_green_bean_slices,experiment_2025-08-19_11-58-07_player0_Qwen_Qwen3-8B_player1_Qwen_Qwen3-1.7B_boiled_green_bean_slices.json,fuzzy_hierarchy,0,0,No reason provided,365,18,26.43093776702881
2025-08-21T08:38:35.457123,Qwen_Qwen3-8B_Qwen_Qwen3-1.7B,boiled_green_bean_slices,experiment_2025-08-19_14-42-37_player0_Qwen_Qwen3-8B_player1_Qwen_Qwen3-1.7B_boiled_green_bean_slices.json,fuzzy_hierarchy,0,0,No reason provided,358,18,35.2135112285614
2025-08-21T08:39:04.479186,Qwen_Qwen3-8B_Qwen_Qwen3-1.7B,boiled_green_bean_slices,experiment_2025-08-19_12-21-58_player0_Qwen_Qwen3-8B_player1_Qwen_Qwen3-1.7B_boiled_green_bean_slices.json,fuzzy_hierarchy,0,0,No reason provided,668,18,27.016051292419434
2025-08-21T08:39:39.534209,Qwen_Qwen3-8B_Qwen_Qwen3-1.7B,boiled_green_bean_slices,experiment_2025-08-19_13-40-50_player0_Qwen_Qwen3-8B_player1_Qwen_Qwen3-1.7B_boiled_green_bean_slices.json,fuzzy_hierarchy,0,0,No reason provided,391,18,33.04811978340149
2025-08-21T08:40:10.864698,Qwen_Qwen3-8B_Qwen_Qwen3-1.7B,boiled_green_bean_slices,experiment_2025-08-19_13-20-58_player0_Qwen_Qwen3-8B_player1_Qwen_Qwen3-1.7B_boiled_green_bean_slices.json,fuzzy_hierarchy,0,0,No reason provided,303,18,29.324074745178223
2025-08-21T08:40:58.058332,Qwen_Qwen3-8B_Qwen_Qwen3-1.7B,boiled_green_bean_slices,experiment_2025-08-19_11-19-04_player0_Qwen_Qwen3-8B_player1_Qwen_Qwen3-1.7B_boiled_green_bean_slices.json,fuzzy_hierarchy,0,0,No reason provided,13,13,45.187917709350586
2025-08-21T08:41:27.253179,Qwen_Qwen3-8B_Qwen_Qwen3-1.7B,boiled_corn_slices,experiment_2025-08-19_10-58-57_player0_Qwen_Qwen3-8B_player1_Qwen_Qwen3-1.7B_boiled_corn_slices.json,fuzzy_hierarchy,0,0,No reason provided,252,18,27.186955213546753
2025-08-21T08:41:48.140497,Qwen_Qwen3-8B_Qwen_Qwen3-1.7B,boiled_corn_slices,experiment_2025-08-19_09-48-24_player0_Qwen_Qwen3-8B_player1_Qwen_Qwen3-1.7B_boiled_corn_slices.json,fuzzy_hierarchy,0,0,No reason provided,160,18,18.880292892456055
2025-08-21T08:42:21.071864,Qwen_Qwen3-8B_Qwen_Qwen3-1.7B,boiled_corn_slices,experiment_2025-08-19_08-34-52_player0_Qwen_Qwen3-8B_player1_Qwen_Qwen3-1.7B_boiled_corn_slices.json,fuzzy_hierarchy,0,0,No reason provided,501,18,30.92510175704956
2025-08-21T08:42:38.897190,Qwen_Qwen3-8B_Qwen_Qwen3-1.7B,boiled_corn_slices,experiment_2025-08-19_09-47-29_player0_Qwen_Qwen3-8B_player1_Qwen_Qwen3-1.7B_boiled_corn_slices.json,fuzzy_hierarchy,0,0,No reason provided,11,11,15.818748950958252
2025-08-21T08:43:02.922035,Qwen_Qwen3-8B_Qwen_Qwen3-1.7B,boiled_corn_slices,experiment_2025-08-19_09-18-29_player0_Qwen_Qwen3-8B_player1_Qwen_Qwen3-1.7B_boiled_corn_slices.json,fuzzy_hierarchy,0,0,No reason provided,372,18,22.019038438796997
2025-08-21T08:44:13.433355,Qwen_Qwen3-8B_Qwen_Qwen3-1.7B,boiled_corn_slices,experiment_2025-08-19_10-22-45_player0_Qwen_Qwen3-8B_player1_Qwen_Qwen3-1.7B_boiled_corn_slices.json,no_hierarchy,0,0,No reason provided,499,18,68.50524020195007
2025-08-21T08:44:42.693756,Qwen_Qwen3-8B_Qwen_Qwen3-1.7B,boiled_corn_slices,experiment_2025-08-19_09-09-19_player0_Qwen_Qwen3-8B_player1_Qwen_Qwen3-1.7B_boiled_corn_slices.json,fuzzy_hierarchy,0,0,No reason provided,119,18,27.253689765930176
2025-08-21T08:45:27.513897,Qwen_Qwen3-8B_Qwen_Qwen3-1.7B,boiled_corn_slices,experiment_2025-08-19_07-59-12_player0_Qwen_Qwen3-8B_player1_Qwen_Qwen3-1.7B_boiled_corn_slices.json,fuzzy_hierarchy,0,0,No reason provided,534,18,42.81386590003967
2025-08-21T08:45:59.068864,Qwen_Qwen3-8B_Qwen_Qwen3-1.7B,boiled_corn_slices,experiment_2025-08-19_10-00-10_player0_Qwen_Qwen3-8B_player1_Qwen_Qwen3-1.7B_boiled_corn_slices.json,no_hierarchy,0,0,No reason provided,335,18,29.548942804336548
2025-08-21T08:46:18.249423,Qwen_Qwen3-8B_Qwen_Qwen3-1.7B,boiled_corn_slices,experiment_2025-08-19_07-24-16_player0_Qwen_Qwen3-8B_player1_Qwen_Qwen3-1.7B_boiled_corn_slices.json,fuzzy_hierarchy,0,0,No reason provided,552,18,17.174643993377686
2025-08-21T08:46:48.914246,Qwen_Qwen3-8B_Qwen_Qwen3-1.7B,boiled_potato_slices,experiment_2025-08-19_15-03-38_player0_Qwen_Qwen3-8B_player1_Qwen_Qwen3-1.7B_boiled_potato_slices.json,fuzzy_hierarchy,0,0,No reason provided,74,18,28.65666890144348
2025-08-21T08:47:15.124430,Qwen_Qwen3-8B_Qwen_Qwen3-1.7B,boiled_potato_slices,experiment_2025-08-19_15-08-33_player0_Qwen_Qwen3-8B_player1_Qwen_Qwen3-1.7B_boiled_potato_slices.json,fuzzy_hierarchy,0,0,No reason provided,260,18,24.204679489135742
2025-08-21T08:48:25.798060,Qwen_Qwen3-8B_Qwen_Qwen3-1.7B,boiled_potato_slices,experiment_2025-08-19_17-10-12_player0_Qwen_Qwen3-8B_player1_Qwen_Qwen3-1.7B_boiled_potato_slices.json,fuzzy_hierarchy,0,0,No reason provided,247,18,68.66833639144897
2025-08-21T08:49:00.724512,Qwen_Qwen3-8B_Qwen_Qwen3-1.7B,boiled_potato_slices,experiment_2025-08-19_15-44-48_player0_Qwen_Qwen3-8B_player1_Qwen_Qwen3-1.7B_boiled_potato_slices.json,fuzzy_hierarchy,0,0,No reason provided,93,18,32.92068552970886
2025-08-21T08:49:28.331514,Qwen_Qwen3-8B_Qwen_Qwen3-1.7B,boiled_potato_slices,experiment_2025-08-19_15-50-57_player0_Qwen_Qwen3-8B_player1_Qwen_Qwen3-1.7B_boiled_potato_slices.json,fuzzy_hierarchy,0,0,No reason provided,461,18,25.601492404937744
2025-08-21T08:50:02.371960,Qwen_Qwen3-8B_Qwen_Qwen3-1.7B,boiled_potato_slices,experiment_2025-08-19_15-23-29_player0_Qwen_Qwen3-8B_player1_Qwen_Qwen3-1.7B_boiled_potato_slices.json,fuzzy_hierarchy,0,0,No reason provided,347,18,32.03442859649658
2025-08-21T08:50:39.769298,Qwen_Qwen3-8B_Qwen_Qwen3-1.7B,boiled_potato_slices,experiment_2025-08-19_16-30-53_player0_Qwen_Qwen3-8B_player1_Qwen_Qwen3-1.7B_boiled_potato_slices.json,fuzzy_hierarchy,0,0,No reason provided,298,18,35.39045572280884
2025-08-21T08:51:23.172041,Qwen_Qwen3-8B_Qwen_Qwen3-1.7B,boiled_potato_slices,experiment_2025-08-19_16-15-12_player0_Qwen_Qwen3-8B_player1_Qwen_Qwen3-1.7B_boiled_potato_slices.json,fuzzy_hierarchy,0,0,No reason provided,251,18,41.396515130996704
2025-08-21T08:52:46.947765,Qwen_Qwen3-8B_Qwen_Qwen3-1.7B,boiled_potato_slices,experiment_2025-08-19_17-26-27_player0_Qwen_Qwen3-8B_player1_Qwen_Qwen3-1.7B_boiled_potato_slices.json,fuzzy_hierarchy,0,0,No reason provided,230,18,81.76874327659607
2025-08-21T08:53:24.078017,Qwen_Qwen3-8B_Qwen_Qwen3-1.7B,boiled_potato_slices,experiment_2025-08-19_16-47-37_player0_Qwen_Qwen3-8B_player1_Qwen_Qwen3-1.7B_boiled_potato_slices.json,fuzzy_hierarchy,0,0,No reason provided,444,18,35.122978925704956
2025-08-21T08:54:13.652421,Qwen_Qwen3-32B_Qwen_Qwen3-32B,boiled_green_bean_slices,experiment_2025-08-19_11-33-12_player0_Qwen_Qwen3-32B_player1_Qwen_Qwen3-32B_boiled_green_bean_slices.json,fuzzy_hierarchy,0,0,No reason provided,43,18,47.56364369392395
2025-08-21T08:54:46.381611,Qwen_Qwen3-32B_Qwen_Qwen3-32B,boiled_green_bean_slices,experiment_2025-08-19_11-39-46_player0_Qwen_Qwen3-32B_player1_Qwen_Qwen3-32B_boiled_green_bean_slices.json,fuzzy_hierarchy,0,0,No reason provided,83,18,30.722684144973755
2025-08-21T08:55:47.444068,Qwen_Qwen3-32B_Qwen_Qwen3-32B,boiled_green_bean_slices,experiment_2025-08-19_12-25-27_player0_Qwen_Qwen3-32B_player1_Qwen_Qwen3-32B_boiled_green_bean_slices.json,fuzzy_hierarchy,0,0,No reason provided,303,18,59.05587911605835
2025-08-21T08:56:29.931554,Qwen_Qwen3-32B_Qwen_Qwen3-32B,boiled_green_bean_slices,experiment_2025-08-19_12-04-34_player0_Qwen_Qwen3-32B_player1_Qwen_Qwen3-32B_boiled_green_bean_slices.json,clear_hierarchy,1,0,No reason provided,144,18,40.4800865650177
2025-08-21T08:56:50.338845,Qwen_Qwen3-32B_Qwen_Qwen3-32B,boiled_green_bean_slices,experiment_2025-08-19_13-11-07_player0_Qwen_Qwen3-32B_player1_Qwen_Qwen3-32B_boiled_green_bean_slices.json,fuzzy_hierarchy,0,0,No reason provided,34,18,18.400580883026123
2025-08-21T08:57:19.568930,Qwen_Qwen3-32B_Qwen_Qwen3-32B,boiled_green_bean_slices,experiment_2025-08-19_13-15-49_player0_Qwen_Qwen3-32B_player1_Qwen_Qwen3-32B_boiled_green_bean_slices.json,fuzzy_hierarchy,0,0,No reason provided,142,18,27.223325490951538
2025-08-21T08:57:42.580340,Qwen_Qwen3-32B_Qwen_Qwen3-32B,boiled_green_bean_slices,experiment_2025-08-19_11-17-19_player0_Qwen_Qwen3-32B_player1_Qwen_Qwen3-32B_boiled_green_bean_slices.json,fuzzy_hierarchy,0,0,No reason provided,113,18,20.97603678703308
2025-08-21T08:58:06.524047,Qwen_Qwen3-32B_Qwen_Qwen3-32B,boiled_green_bean_slices,experiment_2025-08-19_11-07-13_player0_Qwen_Qwen3-32B_player1_Qwen_Qwen3-32B_boiled_green_bean_slices.json,fuzzy_hierarchy,0,0,No reason provided,70,18,21.93733835220337
2025-08-21T08:58:28.523047,Qwen_Qwen3-32B_Qwen_Qwen3-32B,boiled_green_bean_slices,experiment_2025-08-19_10-26-25_player0_Qwen_Qwen3-32B_player1_Qwen_Qwen3-32B_boiled_green_bean_slices.json,fuzzy_hierarchy,0,0,No reason provided,291,18,19.992813110351562
2025-08-21T08:59:04.069918,Qwen_Qwen3-32B_Qwen_Qwen3-32B,boiled_green_bean_slices,experiment_2025-08-19_11-51-31_player0_Qwen_Qwen3-32B_player1_Qwen_Qwen3-32B_boiled_green_bean_slices.json,clear_hierarchy,1,0,No reason provided,86,18,33.539554595947266
2025-08-21T09:00:29.942016,Qwen_Qwen3-32B_Qwen_Qwen3-32B,baked_pumpkin_slices,experiment_2025-08-19_06-23-19_player0_Qwen_Qwen3-32B_player1_Qwen_Qwen3-32B_baked_pumpkin_slices.json,fuzzy_hierarchy,0,0,No reason provided,65,18,83.86301064491272
2025-08-21T09:01:04.328731,Qwen_Qwen3-32B_Qwen_Qwen3-32B,baked_pumpkin_slices,experiment_2025-08-19_04-58-40_player0_Qwen_Qwen3-32B_player1_Qwen_Qwen3-32B_baked_pumpkin_slices.json,fuzzy_hierarchy,0,0,No reason provided,65,18,32.380104303359985
2025-08-21T09:01:30.825901,Qwen_Qwen3-32B_Qwen_Qwen3-32B,baked_pumpkin_slices,experiment_2025-08-19_05-07-55_player0_Qwen_Qwen3-32B_player1_Qwen_Qwen3-32B_baked_pumpkin_slices.json,fuzzy_hierarchy,0,0,No reason provided,100,18,24.491219520568848
2025-08-21T09:01:58.045219,Qwen_Qwen3-32B_Qwen_Qwen3-32B,baked_pumpkin_slices,experiment_2025-08-19_07-10-38_player0_Qwen_Qwen3-32B_player1_Qwen_Qwen3-32B_baked_pumpkin_slices.json,fuzzy_hierarchy,0,0,No reason provided,53,18,25.21315908432007
2025-08-21T09:02:31.278554,Qwen_Qwen3-32B_Qwen_Qwen3-32B,baked_pumpkin_slices,experiment_2025-08-19_05-22-19_player0_Qwen_Qwen3-32B_player1_Qwen_Qwen3-32B_baked_pumpkin_slices.json,fuzzy_hierarchy,0,0,No reason provided,108,18,31.227219104766846
2025-08-21T09:03:03.828753,Qwen_Qwen3-32B_Qwen_Qwen3-32B,baked_pumpkin_slices,experiment_2025-08-19_06-52-44_player0_Qwen_Qwen3-32B_player1_Qwen_Qwen3-32B_baked_pumpkin_slices.json,fuzzy_hierarchy,0,0,No reason provided,126,18,30.54371929168701
2025-08-21T09:03:33.301796,Qwen_Qwen3-32B_Qwen_Qwen3-32B,baked_pumpkin_slices,experiment_2025-08-19_06-33-14_player0_Qwen_Qwen3-32B_player1_Qwen_Qwen3-32B_baked_pumpkin_slices.json,fuzzy_hierarchy,0,0,No reason provided,135,18,27.466655015945435
2025-08-21T09:04:08.079435,Qwen_Qwen3-32B_Qwen_Qwen3-32B,baked_pumpkin_slices,experiment_2025-08-19_05-37-18_player0_Qwen_Qwen3-32B_player1_Qwen_Qwen3-32B_baked_pumpkin_slices.json,fuzzy_hierarchy,0,0,No reason provided,196,18,32.77139663696289
2025-08-21T09:04:40.063516,Qwen_Qwen3-32B_Qwen_Qwen3-32B,baked_pumpkin_slices,experiment_2025-08-19_04-52-18_player0_Qwen_Qwen3-32B_player1_Qwen_Qwen3-32B_baked_pumpkin_slices.json,fuzzy_hierarchy,0,0,No reason provided,44,18,29.977185249328613
2025-08-21T09:05:11.208547,Qwen_Qwen3-32B_Qwen_Qwen3-32B,baked_pumpkin_slices,experiment_2025-08-19_06-04-20_player0_Qwen_Qwen3-32B_player1_Qwen_Qwen3-32B_baked_pumpkin_slices.json,clear_hierarchy,1,0,No reason provided,138,18,29.139075756072998
2025-08-21T09:05:41.835270,Qwen_Qwen3-32B_Qwen_Qwen3-32B,boiled_corn_slices,experiment_2025-08-19_08-07-05_player0_Qwen_Qwen3-32B_player1_Qwen_Qwen3-32B_boiled_corn_slices.json,fuzzy_hierarchy,0,0,No reason provided,75,18,28.617932319641113
2025-08-21T09:06:17.976495,Qwen_Qwen3-32B_Qwen_Qwen3-32B,boiled_corn_slices,experiment_2025-08-19_07-51-56_player0_Qwen_Qwen3-32B_player1_Qwen_Qwen3-32B_boiled_corn_slices.json,clear_hierarchy,1,0,No reason provided,104,18,34.13480591773987
2025-08-21T09:06:42.489841,Qwen_Qwen3-32B_Qwen_Qwen3-32B,boiled_corn_slices,experiment_2025-08-19_08-48-55_player0_Qwen_Qwen3-32B_player1_Qwen_Qwen3-32B_boiled_corn_slices.json,fuzzy_hierarchy,0,0,No reason provided,154,18,22.506471395492554
2025-08-21T09:07:04.242654,Qwen_Qwen3-32B_Qwen_Qwen3-32B,boiled_corn_slices,experiment_2025-08-19_10-09-39_player0_Qwen_Qwen3-32B_player1_Qwen_Qwen3-32B_boiled_corn_slices.json,fuzzy_hierarchy,0,0,No reason provided,85,18,19.74647045135498
2025-08-21T09:07:46.071382,Qwen_Qwen3-32B_Qwen_Qwen3-32B,boiled_corn_slices,experiment_2025-08-19_08-17-37_player0_Qwen_Qwen3-32B_player1_Qwen_Qwen3-32B_boiled_corn_slices.json,fuzzy_hierarchy,0,0,No reason provided,153,18,39.822770833969116
2025-08-21T09:08:05.802840,Qwen_Qwen3-32B_Qwen_Qwen3-32B,boiled_corn_slices,experiment_2025-08-19_09-45-50_player0_Qwen_Qwen3-32B_player1_Qwen_Qwen3-32B_boiled_corn_slices.json,fuzzy_hierarchy,0,0,No reason provided,163,18,17.725219249725342
2025-08-21T09:08:23.538335,Qwen_Qwen3-32B_Qwen_Qwen3-32B,boiled_corn_slices,experiment_2025-08-19_08-40-18_player0_Qwen_Qwen3-32B_player1_Qwen_Qwen3-32B_boiled_corn_slices.json,fuzzy_hierarchy,0,0,No reason provided,57,18,15.728396892547607
2025-08-21T09:08:53.176083,Qwen_Qwen3-32B_Qwen_Qwen3-32B,boiled_corn_slices,experiment_2025-08-19_09-12-51_player0_Qwen_Qwen3-32B_player1_Qwen_Qwen3-32B_boiled_corn_slices.json,no_hierarchy,0,0,No reason provided,233,18,27.631645441055298
2025-08-21T09:09:27.814433,Qwen_Qwen3-32B_Qwen_Qwen3-32B,boiled_corn_slices,experiment_2025-08-19_07-17-53_player0_Qwen_Qwen3-32B_player1_Qwen_Qwen3-32B_boiled_corn_slices.json,fuzzy_hierarchy,0,0,No reason provided,241,18,32.631513357162476
2025-08-21T09:10:03.795829,Qwen_Qwen3-32B_Qwen_Qwen3-32B,boiled_corn_slices,experiment_2025-08-19_10-22-49_player0_Qwen_Qwen3-32B_player1_Qwen_Qwen3-32B_boiled_corn_slices.json,fuzzy_hierarchy,0,0,No reason provided,24,18,33.974339962005615
2025-08-21T09:11:59.177549,Qwen_Qwen3-32B_Qwen_Qwen3-32B,boiled_potato_slices,experiment_2025-08-19_04-52-18_player0_Qwen_Qwen3-32B_player1_Qwen_Qwen3-32B_boiled_potato_slices.json,fuzzy_hierarchy,0,0,No reason provided,25,18,113.3729510307312
2025-08-21T09:12:28.136873,Qwen_Qwen3-32B_Qwen_Qwen3-32B,boiled_potato_slices,experiment_2025-08-19_05-40-19_player0_Qwen_Qwen3-32B_player1_Qwen_Qwen3-32B_boiled_potato_slices.json,clear_hierarchy,1,0,No reason provided,229,18,26.95267963409424
2025-08-21T09:12:51.144320,Qwen_Qwen3-32B_Qwen_Qwen3-32B,boiled_potato_slices,experiment_2025-08-19_06-14-21_player0_Qwen_Qwen3-32B_player1_Qwen_Qwen3-32B_boiled_potato_slices.json,fuzzy_hierarchy,0,0,No reason provided,97,18,21.000555276870728
2025-08-21T09:13:22.976860,Qwen_Qwen3-32B_Qwen_Qwen3-32B,boiled_potato_slices,experiment_2025-08-19_07-46-47_player0_Qwen_Qwen3-32B_player1_Qwen_Qwen3-32B_boiled_potato_slices.json,fuzzy_hierarchy,0,0,No reason provided,132,18,29.82599949836731
2025-08-21T09:13:51.014294,Qwen_Qwen3-32B_Qwen_Qwen3-32B,boiled_potato_slices,experiment_2025-08-19_07-21-41_player0_Qwen_Qwen3-32B_player1_Qwen_Qwen3-32B_boiled_potato_slices.json,clear_hierarchy,1,0,No reason provided,180,18,26.031028270721436
2025-08-21T09:14:42.947566,Qwen_Qwen3-32B_Qwen_Qwen3-32B,boiled_potato_slices,experiment_2025-08-19_04-56-22_player0_Qwen_Qwen3-32B_player1_Qwen_Qwen3-32B_boiled_potato_slices.json,fuzzy_hierarchy,0,0,No reason provided,136,18,49.92652130126953
2025-08-21T09:15:53.358079,Qwen_Qwen3-32B_Qwen_Qwen3-32B,boiled_potato_slices,experiment_2025-08-19_07-07-29_player0_Qwen_Qwen3-32B_player1_Qwen_Qwen3-32B_boiled_potato_slices.json,fuzzy_hierarchy,0,0,No reason provided,94,18,68.37412357330322
2025-08-21T09:16:26.925203,Qwen_Qwen3-32B_Qwen_Qwen3-32B,boiled_potato_slices,experiment_2025-08-19_05-15-12_player0_Qwen_Qwen3-32B_player1_Qwen_Qwen3-32B_boiled_potato_slices.json,fuzzy_hierarchy,0,0,No reason provided,172,18,31.560763120651245
2025-08-21T09:16:56.690519,Qwen_Qwen3-32B_Qwen_Qwen3-32B,boiled_potato_slices,experiment_2025-08-19_06-28-39_player0_Qwen_Qwen3-32B_player1_Qwen_Qwen3-32B_boiled_potato_slices.json,fuzzy_hierarchy,0,0,No reason provided,280,18,27.758867979049683
2025-08-21T09:17:25.719343,Qwen_Qwen3-32B_Qwen_Qwen3-32B,boiled_potato_slices,experiment_2025-08-19_08-06-43_player0_Qwen_Qwen3-32B_player1_Qwen_Qwen3-32B_boiled_potato_slices.json,fuzzy_hierarchy,0,0,No reason provided,181,18,27.02159357070923
2025-08-21T09:17:56.787121,Qwen_Qwen3-1.7B_Qwen_Qwen3-32B,baked_pumpkin_slices,experiment_2025-08-19_13-28-50_player0_Qwen_Qwen3-1.7B_player1_Qwen_Qwen3-32B_baked_pumpkin_slices.json,fuzzy_hierarchy,0,0,No reason provided,104,18,29.05697727203369
2025-08-21T09:18:39.033165,Qwen_Qwen3-1.7B_Qwen_Qwen3-32B,baked_pumpkin_slices,experiment_2025-08-19_11-33-10_player0_Qwen_Qwen3-1.7B_player1_Qwen_Qwen3-32B_baked_pumpkin_slices.json,fuzzy_hierarchy,0,0,No reason provided,75,18,40.23954200744629
2025-08-21T09:19:14.182964,Qwen_Qwen3-1.7B_Qwen_Qwen3-32B,baked_pumpkin_slices,experiment_2025-08-19_13-18-30_player0_Qwen_Qwen3-1.7B_player1_Qwen_Qwen3-32B_baked_pumpkin_slices.json,fuzzy_hierarchy,0,0,No reason provided,115,18,33.14385104179382
2025-08-21T09:19:37.491429,Qwen_Qwen3-1.7B_Qwen_Qwen3-32B,baked_pumpkin_slices,experiment_2025-08-19_12-34-34_player0_Qwen_Qwen3-1.7B_player1_Qwen_Qwen3-32B_baked_pumpkin_slices.json,fuzzy_hierarchy,0,0,No reason provided,592,18,21.30238103866577
2025-08-21T09:20:12.664829,Qwen_Qwen3-1.7B_Qwen_Qwen3-32B,baked_pumpkin_slices,experiment_2025-08-19_13-37-42_player0_Qwen_Qwen3-1.7B_player1_Qwen_Qwen3-32B_baked_pumpkin_slices.json,clear_hierarchy,1,0,No reason provided,590,18,33.16616082191467
2025-08-21T09:20:37.900941,Qwen_Qwen3-1.7B_Qwen_Qwen3-32B,baked_pumpkin_slices,experiment_2025-08-19_12-31-09_player0_Qwen_Qwen3-1.7B_player1_Qwen_Qwen3-32B_baked_pumpkin_slices.json,fuzzy_hierarchy,0,0,No reason provided,36,18,23.228787422180176
2025-08-21T09:20:54.785447,Qwen_Qwen3-1.7B_Qwen_Qwen3-32B,baked_pumpkin_slices,experiment_2025-08-19_15-10-10_player0_Qwen_Qwen3-1.7B_player1_Qwen_Qwen3-32B_baked_pumpkin_slices.json,fuzzy_hierarchy,0,0,No reason provided,79,18,14.878398656845093
2025-08-21T09:21:23.340316,Qwen_Qwen3-1.7B_Qwen_Qwen3-32B,baked_pumpkin_slices,experiment_2025-08-19_14-16-25_player0_Qwen_Qwen3-1.7B_player1_Qwen_Qwen3-32B_baked_pumpkin_slices.json,fuzzy_hierarchy,0,0,No reason provided,60,18,26.54839777946472
2025-08-21T09:21:51.255976,Qwen_Qwen3-1.7B_Qwen_Qwen3-32B,baked_pumpkin_slices,experiment_2025-08-19_11-39-38_player0_Qwen_Qwen3-1.7B_player1_Qwen_Qwen3-32B_baked_pumpkin_slices.json,fuzzy_hierarchy,0,0,No reason provided,572,18,25.909552812576294
2025-08-21T09:22:09.035732,Qwen_Qwen3-1.7B_Qwen_Qwen3-32B,baked_pumpkin_slices,experiment_2025-08-19_14-22-17_player0_Qwen_Qwen3-1.7B_player1_Qwen_Qwen3-32B_baked_pumpkin_slices.json,fuzzy_hierarchy,0,0,No reason provided,596,18,15.772216558456421
2025-08-21T09:24:32.905294,Qwen_Qwen3-1.7B_Qwen_Qwen3-32B,boiled_green_bean_slices,experiment_2025-08-19_09-59-19_player0_Qwen_Qwen3-1.7B_player1_Qwen_Qwen3-32B_boiled_green_bean_slices.json,fuzzy_hierarchy,0,0,No reason provided,172,18,141.85989618301392
2025-08-21T09:25:01.810913,Qwen_Qwen3-1.7B_Qwen_Qwen3-32B,boiled_green_bean_slices,experiment_2025-08-19_10-18-27_player0_Qwen_Qwen3-1.7B_player1_Qwen_Qwen3-32B_boiled_green_bean_slices.json,fuzzy_hierarchy,0,0,No reason provided,263,18,26.899391174316406
2025-08-21T09:25:42.962461,Qwen_Qwen3-1.7B_Qwen_Qwen3-32B,boiled_green_bean_slices,experiment_2025-08-19_08-46-58_player0_Qwen_Qwen3-1.7B_player1_Qwen_Qwen3-32B_boiled_green_bean_slices.json,fuzzy_hierarchy,0,0,No reason provided,541,18,39.14479851722717
2025-08-21T09:26:10.519418,Qwen_Qwen3-1.7B_Qwen_Qwen3-32B,boiled_green_bean_slices,experiment_2025-08-19_11-28-41_player0_Qwen_Qwen3-1.7B_player1_Qwen_Qwen3-32B_boiled_green_bean_slices.json,fuzzy_hierarchy,0,0,No reason provided,482,18,25.549560546875
2025-08-21T09:26:36.107222,Qwen_Qwen3-1.7B_Qwen_Qwen3-32B,boiled_green_bean_slices,experiment_2025-08-19_11-05-15_player0_Qwen_Qwen3-1.7B_player1_Qwen_Qwen3-32B_boiled_green_bean_slices.json,fuzzy_hierarchy,0,0,No reason provided,57,18,23.580442905426025
2025-08-21T09:27:11.775762,Qwen_Qwen3-1.7B_Qwen_Qwen3-32B,boiled_green_bean_slices,experiment_2025-08-19_11-11-10_player0_Qwen_Qwen3-1.7B_player1_Qwen_Qwen3-32B_boiled_green_bean_slices.json,fuzzy_hierarchy,0,0,No reason provided,83,18,33.662251234054565
2025-08-21T09:27:49.344896,Qwen_Qwen3-1.7B_Qwen_Qwen3-32B,boiled_green_bean_slices,experiment_2025-08-19_09-49-24_player0_Qwen_Qwen3-1.7B_player1_Qwen_Qwen3-32B_boiled_green_bean_slices.json,fuzzy_hierarchy,0,0,No reason provided,107,18,35.562801122665405
2025-08-21T09:28:12.580340,Qwen_Qwen3-1.7B_Qwen_Qwen3-32B,boiled_green_bean_slices,experiment_2025-08-19_11-18-32_player0_Qwen_Qwen3-1.7B_player1_Qwen_Qwen3-32B_boiled_green_bean_slices.json,fuzzy_hierarchy,0,0,No reason provided,91,18,21.229295015335083
2025-08-21T09:28:45.553003,Qwen_Qwen3-1.7B_Qwen_Qwen3-32B,boiled_green_bean_slices,experiment_2025-08-19_09-36-26_player0_Qwen_Qwen3-1.7B_player1_Qwen_Qwen3-32B_boiled_green_bean_slices.json,fuzzy_hierarchy,0,0,No reason provided,127,18,30.966620683670044
2025-08-21T09:29:30.531638,Qwen_Qwen3-1.7B_Qwen_Qwen3-32B,boiled_green_bean_slices,experiment_2025-08-19_10-43-14_player0_Qwen_Qwen3-1.7B_player1_Qwen_Qwen3-32B_boiled_green_bean_slices.json,fuzzy_hierarchy,0,0,No reason provided,207,18,42.97255802154541
2025-08-21T09:30:00.786075,Qwen_Qwen3-1.7B_Qwen_Qwen3-32B,boiled_potato_slices,experiment_2025-08-19_12-17-28_player0_Qwen_Qwen3-1.7B_player1_Qwen_Qwen3-32B_boiled_potato_slices.json,fuzzy_hierarchy,0,0,No reason provided,84,18,28.24574589729309
2025-08-21T09:30:20.835565,Qwen_Qwen3-1.7B_Qwen_Qwen3-32B,boiled_potato_slices,experiment_2025-08-19_14-16-38_player0_Qwen_Qwen3-1.7B_player1_Qwen_Qwen3-32B_boiled_potato_slices.json,fuzzy_hierarchy,0,0,No reason provided,93,18,18.043488264083862
2025-08-21T09:30:50.592106,Qwen_Qwen3-1.7B_Qwen_Qwen3-32B,boiled_potato_slices,experiment_2025-08-19_14-11-40_player0_Qwen_Qwen3-1.7B_player1_Qwen_Qwen3-32B_boiled_potato_slices.json,fuzzy_hierarchy,0,0,No reason provided,55,18,27.750439643859863
2025-08-21T09:31:12.680838,Qwen_Qwen3-1.7B_Qwen_Qwen3-32B,boiled_potato_slices,experiment_2025-08-19_13-28-10_player0_Qwen_Qwen3-1.7B_player1_Qwen_Qwen3-32B_boiled_potato_slices.json,fuzzy_hierarchy,0,0,No reason provided,29,18,20.082801818847656
2025-08-21T09:31:48.067235,Qwen_Qwen3-1.7B_Qwen_Qwen3-32B,boiled_potato_slices,experiment_2025-08-19_13-50-11_player0_Qwen_Qwen3-1.7B_player1_Qwen_Qwen3-32B_boiled_potato_slices.json,no_hierarchy,0,0,No reason provided,223,18,33.380258083343506
2025-08-21T09:32:16.862586,Qwen_Qwen3-1.7B_Qwen_Qwen3-32B,boiled_potato_slices,experiment_2025-08-19_13-31-19_player0_Qwen_Qwen3-1.7B_player1_Qwen_Qwen3-32B_boiled_potato_slices.json,fuzzy_hierarchy,0,0,No reason provided,20,18,26.7882821559906
2025-08-21T09:32:52.713000,Qwen_Qwen3-1.7B_Qwen_Qwen3-32B,boiled_potato_slices,experiment_2025-08-19_13-18-17_player0_Qwen_Qwen3-1.7B_player1_Qwen_Qwen3-32B_boiled_potato_slices.json,fuzzy_hierarchy,0,0,No reason provided,100,18,33.84380602836609
2025-08-21T09:33:19.153848,Qwen_Qwen3-1.7B_Qwen_Qwen3-32B,boiled_potato_slices,experiment_2025-08-19_12-25-33_player0_Qwen_Qwen3-1.7B_player1_Qwen_Qwen3-32B_boiled_potato_slices.json,fuzzy_hierarchy,0,0,No reason provided,573,18,24.43478536605835
2025-08-21T09:33:49.946459,Qwen_Qwen3-1.7B_Qwen_Qwen3-32B,boiled_potato_slices,experiment_2025-08-19_13-41-37_player0_Qwen_Qwen3-1.7B_player1_Qwen_Qwen3-32B_boiled_potato_slices.json,fuzzy_hierarchy,0,0,No reason provided,78,18,28.777113437652588
2025-08-21T09:34:08.125580,Qwen_Qwen3-1.7B_Qwen_Qwen3-32B,boiled_potato_slices,experiment_2025-08-19_13-33-13_player0_Qwen_Qwen3-1.7B_player1_Qwen_Qwen3-32B_boiled_potato_slices.json,fuzzy_hierarchy,0,0,No reason provided,98,18,16.172927141189575
2025-08-21T09:34:55.752994,Qwen_Qwen3-1.7B_Qwen_Qwen3-32B,boiled_corn_slices,experiment_2025-08-19_07-02-26_player0_Qwen_Qwen3-1.7B_player1_Qwen_Qwen3-32B_boiled_corn_slices.json,error,0,0,Error occurred during analysis,415,18,45.618831396102905
2025-08-21T09:35:41.250601,Qwen_Qwen3-1.7B_Qwen_Qwen3-32B,boiled_corn_slices,experiment_2025-08-19_07-02-26_player0_Qwen_Qwen3-1.7B_player1_Qwen_Qwen3-32B_boiled_corn_slices.json,fuzzy_hierarchy,0,0,No reason provided,415,18,42.49257564544678
2025-08-21T09:36:06.152649,Qwen_Qwen3-1.7B_Qwen_Qwen3-32B,boiled_corn_slices,experiment_2025-08-19_06-01-18_player0_Qwen_Qwen3-1.7B_player1_Qwen_Qwen3-32B_boiled_corn_slices.json,fuzzy_hierarchy,0,0,No reason provided,83,18,22.894999265670776
2025-08-21T09:36:35.782905,Qwen_Qwen3-1.7B_Qwen_Qwen3-32B,boiled_corn_slices,experiment_2025-08-19_06-19-15_player0_Qwen_Qwen3-1.7B_player1_Qwen_Qwen3-32B_boiled_corn_slices.json,fuzzy_hierarchy,0,0,No reason provided,410,18,27.62360429763794
2025-08-21T09:37:23.404480,Qwen_Qwen3-1.7B_Qwen_Qwen3-32B,boiled_corn_slices,experiment_2025-08-19_04-52-18_player0_Qwen_Qwen3-1.7B_player1_Qwen_Qwen3-32B_boiled_corn_slices.json,fuzzy_hierarchy,0,0,No reason provided,163,18,45.6145396232605
2025-08-21T09:38:10.680914,Qwen_Qwen3-1.7B_Qwen_Qwen3-32B,boiled_corn_slices,experiment_2025-08-19_05-27-38_player0_Qwen_Qwen3-1.7B_player1_Qwen_Qwen3-32B_boiled_corn_slices.json,fuzzy_hierarchy,0,0,No reason provided,380,18,45.26969337463379
2025-08-21T09:38:40.372086,Qwen_Qwen3-1.7B_Qwen_Qwen3-32B,boiled_corn_slices,experiment_2025-08-19_05-11-41_player0_Qwen_Qwen3-1.7B_player1_Qwen_Qwen3-32B_boiled_corn_slices.json,fuzzy_hierarchy,0,0,No reason provided,132,18,27.653324842453003
2025-08-21T09:39:10.836498,Qwen_Qwen3-1.7B_Qwen_Qwen3-32B,boiled_corn_slices,experiment_2025-08-19_06-10-32_player0_Qwen_Qwen3-1.7B_player1_Qwen_Qwen3-32B_boiled_corn_slices.json,fuzzy_hierarchy,0,0,No reason provided,96,18,28.45802354812622
2025-08-21T09:39:34.312503,Qwen_Qwen3-1.7B_Qwen_Qwen3-32B,boiled_corn_slices,experiment_2025-08-19_07-38-56_player0_Qwen_Qwen3-1.7B_player1_Qwen_Qwen3-32B_boiled_corn_slices.json,fuzzy_hierarchy,0,0,No reason provided,528,18,21.469595193862915
2025-08-21T09:40:06.089184,Qwen_Qwen3-1.7B_Qwen_Qwen3-32B,boiled_corn_slices,experiment_2025-08-19_05-09-24_player0_Qwen_Qwen3-1.7B_player1_Qwen_Qwen3-32B_boiled_corn_slices.json,fuzzy_hierarchy,0,0,No reason provided,18,18,29.769457578659058
2025-08-21T09:40:47.337028,Qwen_Qwen3-1.7B_Qwen_Qwen3-32B,boiled_corn_slices,experiment_2025-08-19_08-28-44_player0_Qwen_Qwen3-1.7B_player1_Qwen_Qwen3-32B_boiled_corn_slices.json,fuzzy_hierarchy,0,0,No reason provided,178,18,39.24100637435913
2025-08-21T09:41:12.030569,Qwen_Qwen3-4B_Qwen_Qwen3-32B,boiled_potato_slices,experiment_2025-08-19_10-09-07_player0_Qwen_Qwen3-4B_player1_Qwen_Qwen3-32B_boiled_potato_slices.json,fuzzy_hierarchy,0,0,No reason provided,81,18,22.683435201644897
2025-08-21T09:42:06.676910,Qwen_Qwen3-4B_Qwen_Qwen3-32B,boiled_potato_slices,experiment_2025-08-19_09-47-42_player0_Qwen_Qwen3-4B_player1_Qwen_Qwen3-32B_boiled_potato_slices.json,fuzzy_hierarchy,0,0,No reason provided,204,18,52.63944935798645
2025-08-21T09:42:39.752128,Qwen_Qwen3-4B_Qwen_Qwen3-32B,boiled_potato_slices,experiment_2025-08-19_08-55-55_player0_Qwen_Qwen3-4B_player1_Qwen_Qwen3-32B_boiled_potato_slices.json,fuzzy_hierarchy,0,0,No reason provided,231,18,31.06788992881775
2025-08-21T09:43:04.636870,Qwen_Qwen3-4B_Qwen_Qwen3-32B,boiled_potato_slices,experiment_2025-08-19_11-23-40_player0_Qwen_Qwen3-4B_player1_Qwen_Qwen3-32B_boiled_potato_slices.json,fuzzy_hierarchy,0,0,No reason provided,190,18,22.877597332000732
2025-08-21T09:43:23.798767,Qwen_Qwen3-4B_Qwen_Qwen3-32B,boiled_potato_slices,experiment_2025-08-19_10-17-26_player0_Qwen_Qwen3-4B_player1_Qwen_Qwen3-32B_boiled_potato_slices.json,fuzzy_hierarchy,0,0,No reason provided,349,18,17.1549654006958
2025-08-21T09:46:44.131193,Qwen_Qwen3-4B_Qwen_Qwen3-32B,boiled_potato_slices,experiment_2025-08-19_11-09-37_player0_Qwen_Qwen3-4B_player1_Qwen_Qwen3-32B_boiled_potato_slices.json,fuzzy_hierarchy,0,0,No reason provided,126,18,198.32491278648376
2025-08-21T09:47:13.580269,Qwen_Qwen3-4B_Qwen_Qwen3-32B,boiled_potato_slices,experiment_2025-08-19_08-27-35_player0_Qwen_Qwen3-4B_player1_Qwen_Qwen3-32B_boiled_potato_slices.json,fuzzy_hierarchy,0,0,No reason provided,104,18,27.44182515144348
2025-08-21T09:47:51.496212,Qwen_Qwen3-4B_Qwen_Qwen3-32B,boiled_potato_slices,experiment_2025-08-19_08-39-40_player0_Qwen_Qwen3-4B_player1_Qwen_Qwen3-32B_boiled_potato_slices.json,fuzzy_hierarchy,0,0,No reason provided,151,18,35.90887475013733
2025-08-21T09:48:25.935416,Qwen_Qwen3-4B_Qwen_Qwen3-32B,boiled_potato_slices,experiment_2025-08-19_09-20-40_player0_Qwen_Qwen3-4B_player1_Qwen_Qwen3-32B_boiled_potato_slices.json,clear_hierarchy,1,0,No reason provided,243,18,32.432573080062866
2025-08-21T09:48:46.156605,Qwen_Qwen3-4B_Qwen_Qwen3-32B,boiled_potato_slices,experiment_2025-08-19_10-53-36_player0_Qwen_Qwen3-4B_player1_Qwen_Qwen3-32B_boiled_potato_slices.json,fuzzy_hierarchy,0,0,No reason provided,149,18,18.20998239517212
2025-08-21T09:52:37.947790,Qwen_Qwen3-4B_Qwen_Qwen3-32B,boiled_corn_slices,experiment_2025-08-19_05-52-40_player0_Qwen_Qwen3-4B_player1_Qwen_Qwen3-32B_boiled_corn_slices.json,fuzzy_hierarchy,0,0,No reason provided,42,18,229.78252601623535
2025-08-21T09:52:55.895591,Qwen_Qwen3-4B_Qwen_Qwen3-32B,boiled_corn_slices,experiment_2025-08-19_05-57-54_player0_Qwen_Qwen3-4B_player1_Qwen_Qwen3-32B_boiled_corn_slices.json,fuzzy_hierarchy,0,0,No reason provided,43,18,15.93925428390503
2025-08-21T09:53:19.549550,Qwen_Qwen3-4B_Qwen_Qwen3-32B,boiled_corn_slices,experiment_2025-08-19_04-52-18_player0_Qwen_Qwen3-4B_player1_Qwen_Qwen3-32B_boiled_corn_slices.json,fuzzy_hierarchy,0,0,No reason provided,82,18,21.647836685180664
2025-08-21T09:53:40.579563,Qwen_Qwen3-4B_Qwen_Qwen3-32B,boiled_corn_slices,experiment_2025-08-19_06-02-14_player0_Qwen_Qwen3-4B_player1_Qwen_Qwen3-32B_boiled_corn_slices.json,fuzzy_hierarchy,0,0,No reason provided,145,18,19.02378821372986
2025-08-21T09:54:12.187713,Qwen_Qwen3-4B_Qwen_Qwen3-32B,boiled_corn_slices,experiment_2025-08-19_05-00-41_player0_Qwen_Qwen3-4B_player1_Qwen_Qwen3-32B_boiled_corn_slices.json,clear_hierarchy,1,0,No reason provided,89,18,29.601855278015137
2025-08-21T09:54:39.360149,Qwen_Qwen3-4B_Qwen_Qwen3-32B,boiled_corn_slices,experiment_2025-08-19_05-47-23_player0_Qwen_Qwen3-4B_player1_Qwen_Qwen3-32B_boiled_corn_slices.json,fuzzy_hierarchy,0,0,No reason provided,44,18,25.166033267974854
2025-08-21T09:55:13.744222,Qwen_Qwen3-4B_Qwen_Qwen3-32B,boiled_corn_slices,experiment_2025-08-19_06-18-28_player0_Qwen_Qwen3-4B_player1_Qwen_Qwen3-32B_boiled_corn_slices.json,fuzzy_hierarchy,0,0,No reason provided,87,18,32.37790560722351
2025-08-21T09:58:13.199361,Qwen_Qwen3-4B_Qwen_Qwen3-32B,boiled_corn_slices,experiment_2025-08-19_05-10-44_player0_Qwen_Qwen3-4B_player1_Qwen_Qwen3-32B_boiled_corn_slices.json,fuzzy_hierarchy,0,0,No reason provided,5,5,177.44837975502014
2025-08-21T09:58:45.232518,Qwen_Qwen3-4B_Qwen_Qwen3-32B,boiled_corn_slices,experiment_2025-08-19_05-44-39_player0_Qwen_Qwen3-4B_player1_Qwen_Qwen3-32B_boiled_corn_slices.json,fuzzy_hierarchy,0,0,No reason provided,23,18,30.0261492729187
2025-08-21T10:02:00.925509,Qwen_Qwen3-4B_Qwen_Qwen3-32B,boiled_corn_slices,experiment_2025-08-19_05-11-32_player0_Qwen_Qwen3-4B_player1_Qwen_Qwen3-32B_boiled_corn_slices.json,fuzzy_hierarchy,0,0,No reason provided,286,18,193.68597841262817
2025-08-21T10:02:29.247861,Qwen_Qwen3-4B_Qwen_Qwen3-32B,boiled_green_bean_slices,experiment_2025-08-19_08-04-21_player0_Qwen_Qwen3-4B_player1_Qwen_Qwen3-32B_boiled_green_bean_slices.json,fuzzy_hierarchy,0,0,No reason provided,157,18,26.31235098838806
2025-08-21T10:02:46.708186,Qwen_Qwen3-4B_Qwen_Qwen3-32B,boiled_green_bean_slices,experiment_2025-08-19_07-02-48_player0_Qwen_Qwen3-4B_player1_Qwen_Qwen3-32B_boiled_green_bean_slices.json,fuzzy_hierarchy,0,0,No reason provided,153,18,15.453099250793457
2025-08-21T10:04:19.803886,Qwen_Qwen3-4B_Qwen_Qwen3-32B,boiled_green_bean_slices,experiment_2025-08-19_06-45-35_player0_Qwen_Qwen3-4B_player1_Qwen_Qwen3-32B_boiled_green_bean_slices.json,fuzzy_hierarchy,0,0,No reason provided,156,18,91.08867883682251
2025-08-21T10:04:45.602341,Qwen_Qwen3-4B_Qwen_Qwen3-32B,boiled_green_bean_slices,experiment_2025-08-19_06-28-25_player0_Qwen_Qwen3-4B_player1_Qwen_Qwen3-32B_boiled_green_bean_slices.json,fuzzy_hierarchy,0,0,No reason provided,172,18,23.790656089782715
2025-08-21T10:05:09.543302,Qwen_Qwen3-4B_Qwen_Qwen3-32B,boiled_green_bean_slices,experiment_2025-08-19_07-52-01_player0_Qwen_Qwen3-4B_player1_Qwen_Qwen3-32B_boiled_green_bean_slices.json,fuzzy_hierarchy,0,0,No reason provided,17,17,21.9339382648468
2025-08-21T10:05:53.329722,Qwen_Qwen3-4B_Qwen_Qwen3-32B,boiled_green_bean_slices,experiment_2025-08-19_07-20-53_player0_Qwen_Qwen3-4B_player1_Qwen_Qwen3-32B_boiled_green_bean_slices.json,fuzzy_hierarchy,0,0,No reason provided,187,18,41.77926230430603
2025-08-21T10:06:29.244618,Qwen_Qwen3-4B_Qwen_Qwen3-32B,boiled_green_bean_slices,experiment_2025-08-19_07-47-41_player0_Qwen_Qwen3-4B_player1_Qwen_Qwen3-32B_boiled_green_bean_slices.json,fuzzy_hierarchy,0,0,No reason provided,43,18,33.87854886054993
2025-08-21T10:06:58.808257,Qwen_Qwen3-4B_Qwen_Qwen3-32B,boiled_green_bean_slices,experiment_2025-08-19_07-42-47_player0_Qwen_Qwen3-4B_player1_Qwen_Qwen3-32B_boiled_green_bean_slices.json,fuzzy_hierarchy,0,0,No reason provided,41,18,27.55643367767334
2025-08-21T10:07:39.485299,Qwen_Qwen3-4B_Qwen_Qwen3-32B,boiled_green_bean_slices,experiment_2025-08-19_07-54-24_player0_Qwen_Qwen3-4B_player1_Qwen_Qwen3-32B_boiled_green_bean_slices.json,fuzzy_hierarchy,0,0,No reason provided,91,18,38.671000480651855
2025-08-21T10:08:07.466792,Qwen_Qwen3-4B_Qwen_Qwen3-32B,boiled_green_bean_slices,experiment_2025-08-19_08-18-58_player0_Qwen_Qwen3-4B_player1_Qwen_Qwen3-32B_boiled_green_bean_slices.json,fuzzy_hierarchy,0,0,No reason provided,77,18,25.97520351409912
2025-08-21T10:08:36.522580,Qwen_Qwen3-4B_Qwen_Qwen3-32B,baked_pumpkin_slices,experiment_2025-08-19_09-21-40_player0_Qwen_Qwen3-4B_player1_Qwen_Qwen3-32B_baked_pumpkin_slices.json,fuzzy_hierarchy,0,0,No reason provided,123,18,27.0461585521698
2025-08-21T10:09:00.942282,Qwen_Qwen3-4B_Qwen_Qwen3-32B,baked_pumpkin_slices,experiment_2025-08-19_10-43-11_player0_Qwen_Qwen3-4B_player1_Qwen_Qwen3-32B_baked_pumpkin_slices.json,fuzzy_hierarchy,0,0,No reason provided,184,18,22.413403511047363
2025-08-21T10:09:32.235271,Qwen_Qwen3-4B_Qwen_Qwen3-32B,baked_pumpkin_slices,experiment_2025-08-19_08-37-57_player0_Qwen_Qwen3-4B_player1_Qwen_Qwen3-32B_baked_pumpkin_slices.json,fuzzy_hierarchy,0,0,No reason provided,113,18,29.286277055740356
2025-08-21T10:10:06.293485,Qwen_Qwen3-4B_Qwen_Qwen3-32B,baked_pumpkin_slices,experiment_2025-08-19_09-39-07_player0_Qwen_Qwen3-4B_player1_Qwen_Qwen3-32B_baked_pumpkin_slices.json,clear_hierarchy,1,0,No reason provided,35,18,32.0518524646759
2025-08-21T10:10:29.685315,Qwen_Qwen3-4B_Qwen_Qwen3-32B,baked_pumpkin_slices,experiment_2025-08-19_09-43-00_player0_Qwen_Qwen3-4B_player1_Qwen_Qwen3-32B_baked_pumpkin_slices.json,fuzzy_hierarchy,0,0,No reason provided,161,18,21.385561227798462
2025-08-21T10:11:08.610244,Qwen_Qwen3-4B_Qwen_Qwen3-32B,baked_pumpkin_slices,experiment_2025-08-19_10-00-55_player0_Qwen_Qwen3-4B_player1_Qwen_Qwen3-32B_baked_pumpkin_slices.json,fuzzy_hierarchy,0,0,No reason provided,421,18,36.91831707954407
2025-08-21T10:15:18.741538,Qwen_Qwen3-4B_Qwen_Qwen3-32B,baked_pumpkin_slices,experiment_2025-08-19_09-10-06_player0_Qwen_Qwen3-4B_player1_Qwen_Qwen3-32B_baked_pumpkin_slices.json,fuzzy_hierarchy,0,0,No reason provided,106,18,248.12314558029175
2025-08-21T10:15:57.700953,Qwen_Qwen3-4B_Qwen_Qwen3-32B,baked_pumpkin_slices,experiment_2025-08-19_08-51-10_player0_Qwen_Qwen3-4B_player1_Qwen_Qwen3-32B_baked_pumpkin_slices.json,fuzzy_hierarchy,0,0,No reason provided,170,18,36.951819896698
2025-08-21T10:16:13.727231,Qwen_Qwen3-4B_Qwen_Qwen3-32B,baked_pumpkin_slices,experiment_2025-08-19_09-34-48_player0_Qwen_Qwen3-4B_player1_Qwen_Qwen3-32B_baked_pumpkin_slices.json,fuzzy_hierarchy,0,0,No reason provided,41,18,14.01886510848999
2025-08-21T10:16:52.319067,Qwen_Qwen3-4B_Qwen_Qwen3-32B,baked_pumpkin_slices,experiment_2025-08-19_11-01-52_player0_Qwen_Qwen3-4B_player1_Qwen_Qwen3-32B_baked_pumpkin_slices.json,fuzzy_hierarchy,0,0,No reason provided,348,18,36.58502745628357
2025-08-21T10:17:17.358242,Qwen_Qwen3-4B_Qwen_Qwen3-8B,boiled_green_bean_slices,experiment_2025-08-19_07-19-20_player0_Qwen_Qwen3-4B_player1_Qwen_Qwen3-8B_boiled_green_bean_slices.json,fuzzy_hierarchy,0,0,No reason provided,24,18,23.02452301979065
2025-08-21T10:17:37.130266,Qwen_Qwen3-4B_Qwen_Qwen3-8B,boiled_green_bean_slices,experiment_2025-08-19_07-11-36_player0_Qwen_Qwen3-4B_player1_Qwen_Qwen3-8B_boiled_green_bean_slices.json,fuzzy_hierarchy,0,0,No reason provided,8,8,17.765302181243896
2025-08-21T10:21:14.853103,Qwen_Qwen3-4B_Qwen_Qwen3-8B,boiled_green_bean_slices,experiment_2025-08-19_07-21-11_player0_Qwen_Qwen3-4B_player1_Qwen_Qwen3-8B_boiled_green_bean_slices.json,fuzzy_hierarchy,0,0,No reason provided,89,18,215.71601462364197
2025-08-21T10:21:47.468754,Qwen_Qwen3-4B_Qwen_Qwen3-8B,boiled_green_bean_slices,experiment_2025-08-19_06-52-35_player0_Qwen_Qwen3-4B_player1_Qwen_Qwen3-8B_boiled_green_bean_slices.json,fuzzy_hierarchy,0,0,No reason provided,13,13,30.609301328659058
2025-08-21T10:24:59.252940,Qwen_Qwen3-4B_Qwen_Qwen3-8B,boiled_green_bean_slices,experiment_2025-08-19_07-12-28_player0_Qwen_Qwen3-4B_player1_Qwen_Qwen3-8B_boiled_green_bean_slices.json,fuzzy_hierarchy,0,0,No reason provided,76,18,189.7779369354248
2025-08-21T10:26:07.062442,Qwen_Qwen3-4B_Qwen_Qwen3-8B,boiled_green_bean_slices,experiment_2025-08-19_07-10-15_player0_Qwen_Qwen3-4B_player1_Qwen_Qwen3-8B_boiled_green_bean_slices.json,fuzzy_hierarchy,0,0,No reason provided,13,13,65.8025848865509
2025-08-21T10:26:41.846099,Qwen_Qwen3-4B_Qwen_Qwen3-8B,boiled_green_bean_slices,experiment_2025-08-19_07-28-12_player0_Qwen_Qwen3-4B_player1_Qwen_Qwen3-8B_boiled_green_bean_slices.json,fuzzy_hierarchy,0,0,No reason provided,53,18,32.776331663131714
2025-08-21T10:27:14.007901,Qwen_Qwen3-4B_Qwen_Qwen3-8B,boiled_green_bean_slices,experiment_2025-08-19_07-08-41_player0_Qwen_Qwen3-4B_player1_Qwen_Qwen3-8B_boiled_green_bean_slices.json,fuzzy_hierarchy,0,0,No reason provided,19,18,30.15527105331421
2025-08-21T10:27:31.561742,Qwen_Qwen3-4B_Qwen_Qwen3-8B,boiled_green_bean_slices,experiment_2025-08-19_06-53-53_player0_Qwen_Qwen3-4B_player1_Qwen_Qwen3-8B_boiled_green_bean_slices.json,clear_hierarchy,1,0,No reason provided,201,18,15.54712700843811
2025-08-21T10:31:15.822573,Qwen_Qwen3-4B_Qwen_Qwen3-8B,boiled_green_bean_slices,experiment_2025-08-19_07-32-04_player0_Qwen_Qwen3-4B_player1_Qwen_Qwen3-8B_boiled_green_bean_slices.json,fuzzy_hierarchy,0,0,No reason provided,17,17,222.2531225681305
2025-08-21T10:31:53.623889,Qwen_Qwen3-4B_Qwen_Qwen3-8B,boiled_potato_slices,experiment_2025-08-19_09-17-21_player0_Qwen_Qwen3-4B_player1_Qwen_Qwen3-8B_boiled_potato_slices.json,fuzzy_hierarchy,0,0,No reason provided,19,18,35.79055213928223
2025-08-21T10:35:33.746105,Qwen_Qwen3-4B_Qwen_Qwen3-8B,boiled_potato_slices,experiment_2025-08-19_08-24-56_player0_Qwen_Qwen3-4B_player1_Qwen_Qwen3-8B_boiled_potato_slices.json,fuzzy_hierarchy,0,0,No reason provided,134,18,218.1150095462799
2025-08-21T10:35:59.105632,Qwen_Qwen3-4B_Qwen_Qwen3-8B,boiled_potato_slices,experiment_2025-08-19_08-37-03_player0_Qwen_Qwen3-4B_player1_Qwen_Qwen3-8B_boiled_potato_slices.json,fuzzy_hierarchy,0,0,No reason provided,31,18,23.352266788482666
2025-08-21T10:36:31.834330,Qwen_Qwen3-4B_Qwen_Qwen3-8B,boiled_potato_slices,experiment_2025-08-19_07-56-34_player0_Qwen_Qwen3-4B_player1_Qwen_Qwen3-8B_boiled_potato_slices.json,fuzzy_hierarchy,0,0,No reason provided,323,18,30.721717357635498
2025-08-21T10:39:54.342092,Qwen_Qwen3-4B_Qwen_Qwen3-8B,boiled_potato_slices,experiment_2025-08-19_07-36-11_player0_Qwen_Qwen3-4B_player1_Qwen_Qwen3-8B_boiled_potato_slices.json,clear_hierarchy,1,0,No reason provided,7,7,200.500155210495
2025-08-21T10:40:23.290787,Qwen_Qwen3-4B_Qwen_Qwen3-8B,boiled_potato_slices,experiment_2025-08-19_07-33-29_player0_Qwen_Qwen3-4B_player1_Qwen_Qwen3-8B_boiled_potato_slices.json,fuzzy_hierarchy,0,0,No reason provided,32,18,26.941824674606323
2025-08-21T10:40:48.422158,Qwen_Qwen3-4B_Qwen_Qwen3-8B,boiled_potato_slices,experiment_2025-08-19_08-55-22_player0_Qwen_Qwen3-4B_player1_Qwen_Qwen3-8B_boiled_potato_slices.json,fuzzy_hierarchy,0,0,No reason provided,261,18,23.124552488327026
2025-08-21T10:41:22.233438,Qwen_Qwen3-4B_Qwen_Qwen3-8B,boiled_potato_slices,experiment_2025-08-19_08-39-38_player0_Qwen_Qwen3-4B_player1_Qwen_Qwen3-8B_boiled_potato_slices.json,fuzzy_hierarchy,0,0,No reason provided,193,18,31.80389642715454
2025-08-21T10:41:52.218353,Qwen_Qwen3-4B_Qwen_Qwen3-8B,boiled_potato_slices,experiment_2025-08-19_07-53-38_player0_Qwen_Qwen3-4B_player1_Qwen_Qwen3-8B_boiled_potato_slices.json,fuzzy_hierarchy,0,0,No reason provided,29,18,27.977752447128296
2025-08-21T10:42:14.908887,Qwen_Qwen3-4B_Qwen_Qwen3-8B,boiled_potato_slices,experiment_2025-08-19_07-37-00_player0_Qwen_Qwen3-4B_player1_Qwen_Qwen3-8B_boiled_potato_slices.json,fuzzy_hierarchy,0,0,No reason provided,194,18,20.6829776763916
2025-08-21T10:42:41.303322,Qwen_Qwen3-4B_Qwen_Qwen3-8B,boiled_corn_slices,experiment_2025-08-19_06-27-17_player0_Qwen_Qwen3-4B_player1_Qwen_Qwen3-8B_boiled_corn_slices.json,fuzzy_hierarchy,0,0,No reason provided,27,18,24.385098457336426
2025-08-21T10:43:06.411156,Qwen_Qwen3-4B_Qwen_Qwen3-8B,boiled_corn_slices,experiment_2025-08-19_06-58-43_player0_Qwen_Qwen3-4B_player1_Qwen_Qwen3-8B_boiled_corn_slices.json,fuzzy_hierarchy,0,0,No reason provided,141,18,23.10144281387329
2025-08-21T10:43:31.450447,Qwen_Qwen3-4B_Qwen_Qwen3-8B,boiled_corn_slices,experiment_2025-08-19_06-30-53_player0_Qwen_Qwen3-4B_player1_Qwen_Qwen3-8B_boiled_corn_slices.json,no_hierarchy,0,0,No reason provided,61,18,23.031596660614014
2025-08-21T10:44:01.100284,Qwen_Qwen3-4B_Qwen_Qwen3-8B,boiled_corn_slices,experiment_2025-08-19_06-29-34_player0_Qwen_Qwen3-4B_player1_Qwen_Qwen3-8B_boiled_corn_slices.json,fuzzy_hierarchy,0,0,No reason provided,14,14,27.642915725708008
2025-08-21T10:44:41.651544,Qwen_Qwen3-4B_Qwen_Qwen3-8B,boiled_corn_slices,experiment_2025-08-19_07-10-55_player0_Qwen_Qwen3-4B_player1_Qwen_Qwen3-8B_boiled_corn_slices.json,fuzzy_hierarchy,0,0,No reason provided,158,18,38.544336557388306
2025-08-21T10:44:58.761897,Qwen_Qwen3-4B_Qwen_Qwen3-8B,boiled_corn_slices,experiment_2025-08-19_06-58-02_player0_Qwen_Qwen3-4B_player1_Qwen_Qwen3-8B_boiled_corn_slices.json,fuzzy_hierarchy,0,0,No reason provided,6,6,15.1030912399292
2025-08-21T10:45:35.252150,Qwen_Qwen3-4B_Qwen_Qwen3-8B,boiled_corn_slices,experiment_2025-08-19_06-37-08_player0_Qwen_Qwen3-4B_player1_Qwen_Qwen3-8B_boiled_corn_slices.json,fuzzy_hierarchy,0,0,No reason provided,234,18,34.481218099594116
2025-08-21T10:45:48.249196,Qwen_Qwen3-4B_Qwen_Qwen3-8B,boiled_corn_slices,experiment_2025-08-19_07-09-29_player0_Qwen_Qwen3-4B_player1_Qwen_Qwen3-8B_boiled_corn_slices.json,fuzzy_hierarchy,0,0,No reason provided,4,4,10.990195512771606
2025-08-21T10:46:13.946366,Qwen_Qwen3-4B_Qwen_Qwen3-8B,boiled_corn_slices,experiment_2025-08-19_07-10-03_player0_Qwen_Qwen3-4B_player1_Qwen_Qwen3-8B_boiled_corn_slices.json,fuzzy_hierarchy,0,0,No reason provided,7,7,23.68976092338562
2025-08-21T10:49:10.279407,Qwen_Qwen3-4B_Qwen_Qwen3-8B,boiled_corn_slices,experiment_2025-08-19_06-26-25_player0_Qwen_Qwen3-4B_player1_Qwen_Qwen3-8B_boiled_corn_slices.json,fuzzy_hierarchy,0,0,No reason provided,7,7,174.3261137008667
2025-08-21T10:49:38.639348,Qwen_Qwen3-4B_Qwen_Qwen3-8B,baked_pumpkin_slices,experiment_2025-08-19_05-44-25_player0_Qwen_Qwen3-4B_player1_Qwen_Qwen3-8B_baked_pumpkin_slices.json,clear_hierarchy,1,0,No reason provided,75,18,26.350467443466187
2025-08-21T10:50:03.408670,Qwen_Qwen3-4B_Qwen_Qwen3-8B,baked_pumpkin_slices,experiment_2025-08-19_06-04-19_player0_Qwen_Qwen3-4B_player1_Qwen_Qwen3-8B_baked_pumpkin_slices.json,error,0,0,Error occurred during analysis,74,18,22.76316785812378
2025-08-21T10:54:25.496320,Qwen_Qwen3-4B_Qwen_Qwen3-8B,baked_pumpkin_slices,experiment_2025-08-19_06-04-19_player0_Qwen_Qwen3-4B_player1_Qwen_Qwen3-8B_baked_pumpkin_slices.json,fuzzy_hierarchy,0,0,No reason provided,74,18,259.083322763443
2025-08-21T10:58:29.891756,Qwen_Qwen3-4B_Qwen_Qwen3-8B,baked_pumpkin_slices,experiment_2025-08-19_05-50-59_player0_Qwen_Qwen3-4B_player1_Qwen_Qwen3-8B_baked_pumpkin_slices.json,fuzzy_hierarchy,0,0,No reason provided,86,18,242.38877630233765
2025-08-21T11:01:51.436242,Qwen_Qwen3-4B_Qwen_Qwen3-8B,baked_pumpkin_slices,experiment_2025-08-19_06-15-44_player0_Qwen_Qwen3-4B_player1_Qwen_Qwen3-8B_baked_pumpkin_slices.json,clear_hierarchy,0,1,No reason provided,10,10,199.5379331111908
2025-08-21T11:02:14.156382,Qwen_Qwen3-4B_Qwen_Qwen3-8B,baked_pumpkin_slices,experiment_2025-08-19_06-22-54_player0_Qwen_Qwen3-4B_player1_Qwen_Qwen3-8B_baked_pumpkin_slices.json,fuzzy_hierarchy,0,0,No reason provided,45,18,20.71340584754944
2025-08-21T11:02:41.678463,Qwen_Qwen3-4B_Qwen_Qwen3-8B,baked_pumpkin_slices,experiment_2025-08-19_06-10-32_player0_Qwen_Qwen3-4B_player1_Qwen_Qwen3-8B_baked_pumpkin_slices.json,fuzzy_hierarchy,0,0,No reason provided,25,18,25.5099458694458
2025-08-21T11:02:58.888393,Qwen_Qwen3-4B_Qwen_Qwen3-8B,baked_pumpkin_slices,experiment_2025-08-19_05-50-26_player0_Qwen_Qwen3-4B_player1_Qwen_Qwen3-8B_baked_pumpkin_slices.json,fuzzy_hierarchy,0,0,No reason provided,4,4,15.203619956970215
2025-08-21T11:06:49.369336,Qwen_Qwen3-4B_Qwen_Qwen3-8B,baked_pumpkin_slices,experiment_2025-08-19_06-12-44_player0_Qwen_Qwen3-4B_player1_Qwen_Qwen3-8B_baked_pumpkin_slices.json,fuzzy_hierarchy,0,0,No reason provided,38,18,228.47254872322083
2025-08-21T11:07:27.149063,Qwen_Qwen3-4B_Qwen_Qwen3-8B,baked_pumpkin_slices,experiment_2025-08-19_06-16-48_player0_Qwen_Qwen3-4B_player1_Qwen_Qwen3-8B_baked_pumpkin_slices.json,fuzzy_hierarchy,0,0,No reason provided,78,18,35.77265167236328
2025-08-21T11:07:51.094549,Qwen_Qwen3-4B_Qwen_Qwen3-8B,baked_pumpkin_slices,experiment_2025-08-19_05-58-32_player0_Qwen_Qwen3-4B_player1_Qwen_Qwen3-8B_baked_pumpkin_slices.json,fuzzy_hierarchy,0,0,No reason provided,69,18,21.938532829284668
